[{"basename":"css","fileperms":"0775","filetype":"dir","is_readable":true,"is_writeable":true,"is_link":false,"is_dir":true,"mime":"directory","mtime":1722434984,"path":"css","files_count":0,"dirsize":0,"images_count":0,"url_path":"css"},{"basename":"js","fileperms":"0775","filetype":"dir","is_readable":true,"is_writeable":true,"is_link":false,"is_dir":true,"mime":"directory","mtime":1722434984,"path":"js","files_count":0,"dirsize":0,"images_count":0,"url_path":"js"},{"basename":"lang","fileperms":"0775","filetype":"dir","is_readable":true,"is_writeable":true,"is_link":false,"is_dir":true,"mime":"directory","mtime":1722434984,"path":"lang","files_count":0,"dirsize":0,"images_count":0,"url_path":"lang"}]