{"basename":"DocSysReposes","fileperms":"0775","filetype":"dir","is_readable":true,"is_writeable":true,"is_link":false,"is_dir":true,"mime":"directory","mtime":1715660214,"path":"DocSysReposes","files_count":0,"dirsize":0,"images_count":0,"url_path":false,"files":{"2":{"basename":"2","ext":"","fileperms":"0775","filetype":"dir","filesize":0,"is_readable":true,"is_writeable":true,"is_link":false,"is_dir":true,"mtime":1706257065,"path":"DocSysReposes/2","url_path":false,"mime":"directory"},"DBBackup":{"basename":"DBBackup","ext":"","fileperms":"0775","filetype":"dir","filesize":0,"is_readable":true,"is_writeable":true,"is_link":false,"is_dir":true,"mtime":1722358805,"path":"DocSysReposes/DBBackup","url_path":false,"mime":"directory"},"DocSysLucene":{"basename":"DocSysLucene","ext":"","fileperms":"0777","filetype":"dir","filesize":0,"is_readable":true,"is_writeable":true,"is_link":false,"is_dir":true,"mtime":1699326532,"path":"DocSysReposes/DocSysLucene","url_path":false,"mime":"directory"},"DocSysVerReposes":{"basename":"DocSysVerReposes","ext":"","fileperms":"0775","filetype":"dir","filesize":0,"is_readable":true,"is_writeable":true,"is_link":false,"is_dir":true,"mtime":1706257069,"path":"DocSysReposes/DocSysVerReposes","url_path":false,"mime":"directory"},"IndexLib":{"basename":"IndexLib","ext":"","fileperms":"0777","filetype":"dir","filesize":0,"is_readable":true,"is_writeable":true,"is_link":false,"is_dir":true,"mtime":1699327016,"path":"DocSysReposes/IndexLib","url_path":false,"mime":"directory"}}}