{"basename":"凤凰传奇","fileperms":"0775","filetype":"dir","is_readable":true,"is_writeable":true,"is_link":false,"is_dir":true,"mime":"directory","mtime":1705023180,"path":"music/凤凰传奇","files_count":4,"dirsize":42098737,"images_count":0,"url_path":false,"files":{"奢香夫人 - 凤凰传奇.mp3":{"basename":"奢香夫人 - 凤凰传奇.mp3","ext":"mp3","fileperms":"0664","filetype":"file","filesize":10399035,"is_readable":true,"is_writeable":true,"is_link":false,"is_dir":false,"mtime":1705023153,"path":"music/凤凰传奇/奢香夫人 - 凤凰传奇.mp3","url_path":false,"mime":null},"我从草原来 - 凤凰传奇.mp3":{"basename":"我从草原来 - 凤凰传奇.mp3","ext":"mp3","fileperms":"0664","filetype":"file","filesize":8807656,"is_readable":true,"is_writeable":true,"is_link":false,"is_dir":false,"mtime":1705023153,"path":"music/凤凰传奇/我从草原来 - 凤凰传奇.mp3","url_path":false,"mime":null},"最炫民族风 - 凤凰传奇.mp3":{"basename":"最炫民族风 - 凤凰传奇.mp3","ext":"mp3","fileperms":"0664","filetype":"file","filesize":11362431,"is_readable":true,"is_writeable":true,"is_link":false,"is_dir":false,"mtime":1705023155,"path":"music/凤凰传奇/最炫民族风 - 凤凰传奇.mp3","url_path":false,"mime":null},"等爱的玫瑰 - 凤凰传奇.mp3":{"basename":"等爱的玫瑰 - 凤凰传奇.mp3","ext":"mp3","fileperms":"0664","filetype":"file","filesize":11529615,"is_readable":true,"is_writeable":true,"is_link":false,"is_dir":false,"mtime":1705023161,"path":"music/凤凰传奇/等爱的玫瑰 - 凤凰传奇.mp3","url_path":false,"mime":null}}}