{"basename":"docker","fileperms":"0775","filetype":"dir","is_readable":true,"is_writeable":true,"is_link":false,"is_dir":true,"mime":"directory","mtime":1717494084,"path":"docker","files_count":0,"dirsize":0,"images_count":0,"url_path":false,"files":{"MaxKB":{"basename":"MaxKB","ext":"","fileperms":"0775","filetype":"dir","filesize":0,"is_readable":true,"is_writeable":true,"is_link":false,"is_dir":true,"mtime":1717487154,"path":"docker/MaxKB","url_path":false,"mime":"directory"},"one-api":{"basename":"one-api","ext":"","fileperms":"0775","filetype":"dir","filesize":0,"is_readable":true,"is_writeable":true,"is_link":false,"is_dir":true,"mtime":1717494199,"path":"docker/one-api","url_path":false,"mime":"directory"}}}