{"basename":"docsys","fileperms":"0755","filetype":"dir","is_readable":true,"is_writeable":false,"is_link":false,"is_dir":true,"mime":"directory","mtime":1685966648,"path":"docsys","files_count":14,"dirsize":10093,"images_count":0,"url_path":false,"files":{"logs":{"basename":"logs","ext":"","fileperms":"0755","filetype":"dir","filesize":0,"is_readable":true,"is_writeable":false,"is_link":false,"is_dir":true,"mtime":1659836208,"path":"docsys/logs","url_path":false,"mime":"directory"},"mysql":{"basename":"mysql","ext":"","fileperms":"0755","filetype":"dir","filesize":0,"is_readable":true,"is_writeable":false,"is_link":false,"is_dir":true,"mtime":1616252831,"path":"docsys/mysql","url_path":false,"mime":"directory"},"tmp":{"basename":"tmp","ext":"","fileperms":"0755","filetype":"dir","filesize":0,"is_readable":true,"is_writeable":false,"is_link":false,"is_dir":true,"mtime":1616252590,"path":"docsys/tmp","url_path":false,"mime":"directory"},"tomcat":{"basename":"tomcat","ext":"","fileperms":"0755","filetype":"dir","filesize":0,"is_readable":true,"is_writeable":false,"is_link":false,"is_dir":true,"mtime":1616771709,"path":"docsys/tomcat","url_path":false,"mime":"directory"},"docsys_restart.sh":{"basename":"docsys_restart.sh","ext":"sh","fileperms":"0755","filetype":"file","filesize":136,"is_readable":true,"is_writeable":false,"is_link":false,"is_dir":false,"mtime":1685966648,"path":"docsys/docsys_restart.sh","url_path":false,"mime":null},"docsys_start.sh":{"basename":"docsys_start.sh","ext":"sh","fileperms":"0755","filetype":"file","filesize":1681,"is_readable":true,"is_writeable":false,"is_link":false,"is_dir":false,"mtime":1691155589,"path":"docsys/docsys_start.sh","url_path":false,"mime":null},"docsys_stop.sh":{"basename":"docsys_stop.sh","ext":"sh","fileperms":"0755","filetype":"file","filesize":339,"is_readable":true,"is_writeable":false,"is_link":false,"is_dir":false,"mtime":1685966648,"path":"docsys/docsys_stop.sh","url_path":false,"mime":null},"docsys_upgrade.sh":{"basename":"docsys_upgrade.sh","ext":"sh","fileperms":"0755","filetype":"file","filesize":1763,"is_readable":true,"is_writeable":false,"is_link":false,"is_dir":false,"mtime":1685966648,"path":"docsys/docsys_upgrade.sh","url_path":false,"mime":null},"gen_fonts.sh":{"basename":"gen_fonts.sh","ext":"sh","fileperms":"0755","filetype":"file","filesize":1072,"is_readable":true,"is_writeable":false,"is_link":false,"is_dir":false,"mtime":1685966648,"path":"docsys/gen_fonts.sh","url_path":false,"mime":null},"monitor_start.sh":{"basename":"monitor_start.sh","ext":"sh","fileperms":"0755","filetype":"file","filesize":1553,"is_readable":true,"is_writeable":false,"is_link":false,"is_dir":false,"mtime":1685966648,"path":"docsys/monitor_start.sh","url_path":false,"mime":null},"monitor_stop.sh":{"basename":"monitor_stop.sh","ext":"sh","fileperms":"0755","filetype":"file","filesize":304,"is_readable":true,"is_writeable":false,"is_link":false,"is_dir":false,"mtime":1685966648,"path":"docsys/monitor_stop.sh","url_path":false,"mime":null},"mysql_start.sh":{"basename":"mysql_start.sh","ext":"sh","fileperms":"0755","filetype":"file","filesize":935,"is_readable":true,"is_writeable":false,"is_link":false,"is_dir":false,"mtime":1685966648,"path":"docsys/mysql_start.sh","url_path":false,"mime":null},"mysql_stop.sh":{"basename":"mysql_stop.sh","ext":"sh","fileperms":"0755","filetype":"file","filesize":154,"is_readable":true,"is_writeable":false,"is_link":false,"is_dir":false,"mtime":1685966648,"path":"docsys/mysql_stop.sh","url_path":false,"mime":null},"restart.sh":{"basename":"restart.sh","ext":"sh","fileperms":"0755","filetype":"file","filesize":136,"is_readable":true,"is_writeable":false,"is_link":false,"is_dir":false,"mtime":1685966648,"path":"docsys/restart.sh","url_path":false,"mime":null},"start.sh":{"basename":"start.sh","ext":"sh","fileperms":"0755","filetype":"file","filesize":186,"is_readable":true,"is_writeable":false,"is_link":false,"is_dir":false,"mtime":1685966648,"path":"docsys/start.sh","url_path":false,"mime":null},"stop.sh":{"basename":"stop.sh","ext":"sh","fileperms":"0755","filetype":"file","filesize":188,"is_readable":true,"is_writeable":false,"is_link":false,"is_dir":false,"mtime":1685966648,"path":"docsys/stop.sh","url_path":false,"mime":null},"tomcat_start.sh":{"basename":"tomcat_start.sh","ext":"sh","fileperms":"0755","filetype":"file","filesize":1411,"is_readable":true,"is_writeable":false,"is_link":false,"is_dir":false,"mtime":1685966648,"path":"docsys/tomcat_start.sh","url_path":false,"mime":null},"tomcat_stop.sh":{"basename":"tomcat_stop.sh","ext":"sh","fileperms":"0755","filetype":"file","filesize":235,"is_readable":true,"is_writeable":false,"is_link":false,"is_dir":false,"mtime":1685966648,"path":"docsys/tomcat_stop.sh","url_path":false,"mime":null}}}