{"basename":"music","fileperms":"0775","filetype":"dir","is_readable":true,"is_writeable":true,"is_link":false,"is_dir":true,"mime":"directory","mtime":1718087530,"path":"music","files_count":0,"dirsize":0,"images_count":0,"url_path":false,"files":{"凤凰传奇":{"basename":"凤凰传奇","ext":"","fileperms":"0775","filetype":"dir","filesize":0,"is_readable":true,"is_writeable":true,"is_link":false,"is_dir":true,"mtime":1705023180,"path":"music/凤凰传奇","url_path":false,"mime":"directory"},"山歌寥哉-刀郎":{"basename":"山歌寥哉-刀郎","ext":"","fileperms":"0775","filetype":"dir","filesize":0,"is_readable":true,"is_writeable":true,"is_link":false,"is_dir":true,"mtime":1705243639,"path":"music/山歌寥哉-刀郎","url_path":false,"mime":"directory"},"抖音热哥":{"basename":"抖音热哥","ext":"","fileperms":"0775","filetype":"dir","filesize":0,"is_readable":true,"is_writeable":true,"is_link":false,"is_dir":true,"mtime":1718088101,"path":"music/抖音热哥","url_path":false,"mime":"directory"},"魏佳艺":{"basename":"魏佳艺","ext":"","fileperms":"0775","filetype":"dir","filesize":0,"is_readable":true,"is_writeable":true,"is_link":false,"is_dir":true,"mtime":1718087963,"path":"music/魏佳艺","url_path":false,"mime":"directory"}}}