{"basename":"粼粼幼儿园视频","fileperms":"0777","filetype":"dir","is_readable":true,"is_writeable":true,"is_link":false,"is_dir":true,"mime":"directory","mtime":1715408984,"path":"photo/粼粼幼儿园视频","files_count":38,"dirsize":1136690952,"images_count":7,"url_path":false,"files":{"3cfa27908bc1b5cda26d4af0118c1826.mp4":{"basename":"3cfa27908bc1b5cda26d4af0118c1826.mp4","ext":"mp4","fileperms":"0777","filetype":"file","filesize":820455,"is_readable":true,"is_writeable":true,"is_link":false,"is_dir":false,"mtime":1660039776,"path":"photo/粼粼幼儿园视频/3cfa27908bc1b5cda26d4af0118c1826.mp4","url_path":false,"mime":null},"5d93c906149982718f10d029a27c244a.mp4":{"basename":"5d93c906149982718f10d029a27c244a.mp4","ext":"mp4","fileperms":"0777","filetype":"file","filesize":7184432,"is_readable":true,"is_writeable":true,"is_link":false,"is_dir":false,"mtime":1660039776,"path":"photo/粼粼幼儿园视频/5d93c906149982718f10d029a27c244a.mp4","url_path":false,"mime":null},"73d3446e3bc40b95dfe361b1c2abf5f5.mp4":{"basename":"73d3446e3bc40b95dfe361b1c2abf5f5.mp4","ext":"mp4","fileperms":"0777","filetype":"file","filesize":21110546,"is_readable":true,"is_writeable":true,"is_link":false,"is_dir":false,"mtime":1660039778,"path":"photo/粼粼幼儿园视频/73d3446e3bc40b95dfe361b1c2abf5f5.mp4","url_path":false,"mime":null},"0507我来当妈妈.mp4.mp4":{"basename":"0507我来当妈妈.mp4.mp4","ext":"mp4","fileperms":"0777","filetype":"file","filesize":39793406,"is_readable":true,"is_writeable":true,"is_link":false,"is_dir":false,"mtime":1660039782,"path":"photo/粼粼幼儿园视频/0507我来当妈妈.mp4.mp4","url_path":false,"mime":null},"0507我来当妈妈2.mp4":{"basename":"0507我来当妈妈2.mp4","ext":"mp4","fileperms":"0777","filetype":"file","filesize":79163790,"is_readable":true,"is_writeable":true,"is_link":false,"is_dir":false,"mtime":1660039790,"path":"photo/粼粼幼儿园视频/0507我来当妈妈2.mp4","url_path":false,"mime":null},"0507我来当妈妈3.mp4.mp4":{"basename":"0507我来当妈妈3.mp4.mp4","ext":"mp4","fileperms":"0777","filetype":"file","filesize":95755107,"is_readable":true,"is_writeable":true,"is_link":false,"is_dir":false,"mtime":1660039798,"path":"photo/粼粼幼儿园视频/0507我来当妈妈3.mp4.mp4","url_path":false,"mime":null},"0518水彩涂鸦.mp4":{"basename":"0518水彩涂鸦.mp4","ext":"mp4","fileperms":"0777","filetype":"file","filesize":27447591,"is_readable":true,"is_writeable":true,"is_link":false,"is_dir":false,"mtime":1660039801,"path":"photo/粼粼幼儿园视频/0518水彩涂鸦.mp4","url_path":false,"mime":null},"739e710587041c846211475fb9153a4d.mp4":{"basename":"739e710587041c846211475fb9153a4d.mp4","ext":"mp4","fileperms":"0777","filetype":"file","filesize":22707757,"is_readable":true,"is_writeable":true,"is_link":false,"is_dir":false,"mtime":1660039803,"path":"photo/粼粼幼儿园视频/739e710587041c846211475fb9153a4d.mp4","url_path":false,"mime":null},"7163fdfce450b5bbd4ba8bbdd0f0a506.mp4":{"basename":"7163fdfce450b5bbd4ba8bbdd0f0a506.mp4","ext":"mp4","fileperms":"0777","filetype":"file","filesize":6447209,"is_readable":true,"is_writeable":true,"is_link":false,"is_dir":false,"mtime":1660039804,"path":"photo/粼粼幼儿园视频/7163fdfce450b5bbd4ba8bbdd0f0a506.mp4","url_path":false,"mime":null},"20220413爬椅子比赛.mp4.mp4":{"basename":"20220413爬椅子比赛.mp4.mp4","ext":"mp4","fileperms":"0777","filetype":"file","filesize":6393220,"is_readable":true,"is_writeable":true,"is_link":false,"is_dir":false,"mtime":1660039806,"path":"photo/粼粼幼儿园视频/20220413爬椅子比赛.mp4.mp4","url_path":false,"mime":null},"20220601涂鸦绘画.jpg":{"basename":"20220601涂鸦绘画.jpg","ext":"jpg","fileperms":"0777","filetype":"file","filesize":172505,"is_readable":true,"is_writeable":true,"is_link":false,"is_dir":false,"mtime":1660039806,"path":"photo/粼粼幼儿园视频/20220601涂鸦绘画.jpg","url_path":false,"mime":"image/jpeg","icon":"image","image":{"width":1706,"height":1280,"type":2,"bits":8,"channels":3,"mime":"image/jpeg"}},"c607e113770fa5ea8badf1825ee5bfaf.mp4":{"basename":"c607e113770fa5ea8badf1825ee5bfaf.mp4","ext":"mp4","fileperms":"0777","filetype":"file","filesize":77709128,"is_readable":true,"is_writeable":true,"is_link":false,"is_dir":false,"mtime":1660039813,"path":"photo/粼粼幼儿园视频/c607e113770fa5ea8badf1825ee5bfaf.mp4","url_path":false,"mime":null},"dea7408f4c0cb9933b5826a5eb02b2b3.mp4":{"basename":"dea7408f4c0cb9933b5826a5eb02b2b3.mp4","ext":"mp4","fileperms":"0777","filetype":"file","filesize":8430661,"is_readable":true,"is_writeable":true,"is_link":false,"is_dir":false,"mtime":1660039815,"path":"photo/粼粼幼儿园视频/dea7408f4c0cb9933b5826a5eb02b2b3.mp4","url_path":false,"mime":null},"e126eda5afd98d34a64b79f29ddbea1f.mp4":{"basename":"e126eda5afd98d34a64b79f29ddbea1f.mp4","ext":"mp4","fileperms":"0777","filetype":"file","filesize":103720761,"is_readable":true,"is_writeable":true,"is_link":false,"is_dir":false,"mtime":1660039828,"path":"photo/粼粼幼儿园视频/e126eda5afd98d34a64b79f29ddbea1f.mp4","url_path":false,"mime":null},"e71127714a06d1ebed6c0e5f8d13a9d9.mp4":{"basename":"e71127714a06d1ebed6c0e5f8d13a9d9.mp4","ext":"mp4","fileperms":"0777","filetype":"file","filesize":18723514,"is_readable":true,"is_writeable":true,"is_link":false,"is_dir":false,"mtime":1660039830,"path":"photo/粼粼幼儿园视频/e71127714a06d1ebed6c0e5f8d13a9d9.mp4","url_path":false,"mime":null},"ec6e659be5012b7859d2577febec2984.mp4":{"basename":"ec6e659be5012b7859d2577febec2984.mp4","ext":"mp4","fileperms":"0777","filetype":"file","filesize":22000431,"is_readable":true,"is_writeable":true,"is_link":false,"is_dir":false,"mtime":1660039833,"path":"photo/粼粼幼儿园视频/ec6e659be5012b7859d2577febec2984.mp4","url_path":false,"mime":null},"mmexport1702896579007.mp4":{"basename":"mmexport1702896579007.mp4","ext":"mp4","fileperms":"0777","filetype":"file","filesize":8146417,"is_readable":true,"is_writeable":true,"is_link":false,"is_dir":false,"mtime":1702896722,"path":"photo/粼粼幼儿园视频/mmexport1702896579007.mp4","url_path":false,"mime":null},"mmexport1702896589754.mp4":{"basename":"mmexport1702896589754.mp4","ext":"mp4","fileperms":"0777","filetype":"file","filesize":17647489,"is_readable":true,"is_writeable":true,"is_link":false,"is_dir":false,"mtime":1702896721,"path":"photo/粼粼幼儿园视频/mmexport1702896589754.mp4","url_path":false,"mime":null},"mmexport1702896592706.jpg":{"basename":"mmexport1702896592706.jpg","ext":"jpg","fileperms":"0777","filetype":"file","filesize":38629,"is_readable":true,"is_writeable":true,"is_link":false,"is_dir":false,"mtime":1702896719,"path":"photo/粼粼幼儿园视频/mmexport1702896592706.jpg","url_path":false,"mime":"image/jpeg","icon":"image","image":{"width":800,"height":360,"type":2,"bits":8,"channels":3,"mime":"image/jpeg"}},"mmexport1702896606093.mp4":{"basename":"mmexport1702896606093.mp4","ext":"mp4","fileperms":"0777","filetype":"file","filesize":8146417,"is_readable":true,"is_writeable":true,"is_link":false,"is_dir":false,"mtime":1702896719,"path":"photo/粼粼幼儿园视频/mmexport1702896606093.mp4","url_path":false,"mime":null},"mmexport1702896609946.jpg":{"basename":"mmexport1702896609946.jpg","ext":"jpg","fileperms":"0777","filetype":"file","filesize":2453225,"is_readable":true,"is_writeable":true,"is_link":false,"is_dir":false,"mtime":1702896718,"path":"photo/粼粼幼儿园视频/mmexport1702896609946.jpg","url_path":false,"mime":"image/jpeg","icon":"image","image":{"width":4096,"height":1840,"type":2,"bits":8,"channels":3,"mime":"image/jpeg","exif":{"ApertureFNumber":"f/1.9","DateTimeOriginal":"2023:12:18 10:21:18","ExposureTime":"1/130","FocalLength":"5520/1000","Orientation":1}}},"mmexport1702896611920.jpg":{"basename":"mmexport1702896611920.jpg","ext":"jpg","fileperms":"0777","filetype":"file","filesize":2436914,"is_readable":true,"is_writeable":true,"is_link":false,"is_dir":false,"mtime":1702896717,"path":"photo/粼粼幼儿园视频/mmexport1702896611920.jpg","url_path":false,"mime":"image/jpeg","icon":"image","image":{"width":4096,"height":1840,"type":2,"bits":8,"channels":3,"mime":"image/jpeg","exif":{"ApertureFNumber":"f/1.9","DateTimeOriginal":"2023:12:18 10:21:16","ExposureTime":"1/130","FocalLength":"5520/1000","Orientation":1}}},"mmexport1702896633103.mp4":{"basename":"mmexport1702896633103.mp4","ext":"mp4","fileperms":"0777","filetype":"file","filesize":6004789,"is_readable":true,"is_writeable":true,"is_link":false,"is_dir":false,"mtime":1702896717,"path":"photo/粼粼幼儿园视频/mmexport1702896633103.mp4","url_path":false,"mime":null},"mmexport1702896636673.jpg":{"basename":"mmexport1702896636673.jpg","ext":"jpg","fileperms":"0777","filetype":"file","filesize":3003680,"is_readable":true,"is_writeable":true,"is_link":false,"is_dir":false,"mtime":1702896716,"path":"photo/粼粼幼儿园视频/mmexport1702896636673.jpg","url_path":false,"mime":"image/jpeg","icon":"image","image":{"width":4096,"height":1840,"type":2,"bits":8,"channels":3,"mime":"image/jpeg","exif":{"ApertureFNumber":"f/1.9","DateTimeOriginal":"2023:12:18 10:19:25","ExposureTime":"1/110","FocalLength":"5520/1000","Orientation":1}}},"mmexport1715408933145.mp4":{"basename":"mmexport1715408933145.mp4","ext":"mp4","fileperms":"0644","filetype":"file","filesize":80382773,"is_readable":true,"is_writeable":false,"is_link":false,"is_dir":false,"mtime":1715408992,"path":"photo/粼粼幼儿园视频/mmexport1715408933145.mp4","url_path":false,"mime":null},"前后爬垫子.mp4.mp4":{"basename":"前后爬垫子.mp4.mp4","ext":"mp4","fileperms":"0777","filetype":"file","filesize":30226019,"is_readable":true,"is_writeable":true,"is_link":false,"is_dir":false,"mtime":1660039865,"path":"photo/粼粼幼儿园视频/前后爬垫子.mp4.mp4","url_path":false,"mime":null},"幼儿园.mp4":{"basename":"幼儿园.mp4","ext":"mp4","fileperms":"0777","filetype":"file","filesize":16725316,"is_readable":true,"is_writeable":true,"is_link":false,"is_dir":false,"mtime":1647331021,"path":"photo/粼粼幼儿园视频/幼儿园.mp4","url_path":false,"mime":null},"幼儿园背篮球.mp4.mp4":{"basename":"幼儿园背篮球.mp4.mp4","ext":"mp4","fileperms":"0777","filetype":"file","filesize":30333642,"is_readable":true,"is_writeable":true,"is_link":false,"is_dir":false,"mtime":1660039773,"path":"photo/粼粼幼儿园视频/幼儿园背篮球.mp4.mp4","url_path":false,"mime":null},"微信图片_20220408133112.jpg":{"basename":"微信图片_20220408133112.jpg","ext":"jpg","fileperms":"0777","filetype":"file","filesize":712959,"is_readable":true,"is_writeable":true,"is_link":false,"is_dir":false,"mtime":1660039870,"path":"photo/粼粼幼儿园视频/微信图片_20220408133112.jpg","url_path":false,"mime":"image/jpeg","icon":"image","image":{"width":2560,"height":1920,"type":2,"bits":8,"channels":3,"mime":"image/jpeg","exif":{"ApertureFNumber":"f/2.0","DateTimeOriginal":"2022:03:16 15:39:42","ExposureTime":"7/10000","FocalLength":"7590/1000","Model":"M2102K1AC","ISOSpeedRatings":50,"gps":[27.345683333333334,103.71774166666667]}}},"微信图片_20220408133120.jpg":{"basename":"微信图片_20220408133120.jpg","ext":"jpg","fileperms":"0777","filetype":"file","filesize":653588,"is_readable":true,"is_writeable":true,"is_link":false,"is_dir":false,"mtime":1660039870,"path":"photo/粼粼幼儿园视频/微信图片_20220408133120.jpg","url_path":false,"mime":"image/jpeg","icon":"image","image":{"width":2560,"height":1920,"type":2,"bits":8,"channels":3,"mime":"image/jpeg","exif":{"ApertureFNumber":"f/2.0","DateTimeOriginal":"2022:03:16 15:39:40","ExposureTime":"8/10000","FocalLength":"7590/1000","Model":"M2102K1AC","ISOSpeedRatings":49,"gps":[27.345683333333334,103.71774166666667]}}},"户外.mp4":{"basename":"户外.mp4","ext":"mp4","fileperms":"0777","filetype":"file","filesize":18723514,"is_readable":true,"is_writeable":true,"is_link":false,"is_dir":false,"mtime":1660039836,"path":"photo/粼粼幼儿园视频/户外.mp4","url_path":false,"mime":null},"手工整理衣服.mp4":{"basename":"手工整理衣服.mp4","ext":"mp4","fileperms":"0777","filetype":"file","filesize":6723058,"is_readable":true,"is_writeable":true,"is_link":false,"is_dir":false,"mtime":1660039805,"path":"photo/粼粼幼儿园视频/手工整理衣服.mp4","url_path":false,"mime":null},"抬盆跑步比赛.mp4":{"basename":"抬盆跑步比赛.mp4","ext":"mp4","fileperms":"0777","filetype":"file","filesize":16725316,"is_readable":true,"is_writeable":true,"is_link":false,"is_dir":false,"mtime":1660039867,"path":"photo/粼粼幼儿园视频/抬盆跑步比赛.mp4","url_path":false,"mime":null},"椅子小火车.mp4.mp4":{"basename":"椅子小火车.mp4.mp4","ext":"mp4","fileperms":"0777","filetype":"file","filesize":78097710,"is_readable":true,"is_writeable":true,"is_link":false,"is_dir":false,"mtime":1660039877,"path":"photo/粼粼幼儿园视频/椅子小火车.mp4.mp4","url_path":false,"mime":null},"粼粼幼儿园-五一为劳动者喝彩.mp4":{"basename":"粼粼幼儿园-五一为劳动者喝彩.mp4","ext":"mp4","fileperms":"0777","filetype":"file","filesize":211879454,"is_readable":true,"is_writeable":true,"is_link":false,"is_dir":false,"mtime":1660039861,"path":"photo/粼粼幼儿园视频/粼粼幼儿园-五一为劳动者喝彩.mp4","url_path":false,"mime":null},"粼粼幼儿园吃饭.mp4":{"basename":"粼粼幼儿园吃饭.mp4","ext":"mp4","fileperms":"0777","filetype":"file","filesize":6924700,"is_readable":true,"is_writeable":true,"is_link":false,"is_dir":false,"mtime":1660039804,"path":"photo/粼粼幼儿园视频/粼粼幼儿园吃饭.mp4","url_path":false,"mime":null},"粼粼幼儿园玩沙.mp4":{"basename":"粼粼幼儿园玩沙.mp4","ext":"mp4","fileperms":"0777","filetype":"file","filesize":28753957,"is_readable":true,"is_writeable":true,"is_link":false,"is_dir":false,"mtime":1660039776,"path":"photo/粼粼幼儿园视频/粼粼幼儿园玩沙.mp4","url_path":false,"mime":null},"跳圈圈.mp4.mp4":{"basename":"跳圈圈.mp4.mp4","ext":"mp4","fileperms":"0777","filetype":"file","filesize":24370873,"is_readable":true,"is_writeable":true,"is_link":false,"is_dir":false,"mtime":1660039870,"path":"photo/粼粼幼儿园视频/跳圈圈.mp4.mp4","url_path":false,"mime":null}}}