{"basename":"backups","fileperms":"0777","filetype":"dir","is_readable":true,"is_writeable":true,"is_link":false,"is_dir":true,"mime":"directory","mtime":1721056373,"path":"backups","files_count":1,"dirsize":14716,"images_count":0,"url_path":false,"files":{"docker.service.d":{"basename":"docker.service.d","ext":"","fileperms":"0755","filetype":"dir","filesize":0,"is_readable":true,"is_writeable":false,"is_link":false,"is_dir":true,"mtime":1721056337,"path":"backups/docker.service.d","url_path":false,"mime":"directory"},"nginx":{"basename":"nginx","ext":"","fileperms":"0777","filetype":"dir","filesize":0,"is_readable":true,"is_writeable":true,"is_link":false,"is_dir":true,"mtime":1719215813,"path":"backups/nginx","url_path":false,"mime":"directory"},"vaultwarden":{"basename":"vaultwarden","ext":"","fileperms":"0775","filetype":"dir","filesize":0,"is_readable":true,"is_writeable":true,"is_link":false,"is_dir":true,"mtime":1722384301,"path":"backups/vaultwarden","url_path":false,"mime":"directory"},"ESSettings.zip":{"basename":"ESSettings.zip","ext":"zip","fileperms":"0777","filetype":"file","filesize":14716,"is_readable":true,"is_writeable":true,"is_link":false,"is_dir":false,"mtime":1710680730,"path":"backups/ESSettings.zip","url_path":false,"mime":null}}}