{"basename":"mydoc","fileperms":"0777","filetype":"dir","is_readable":true,"is_writeable":true,"is_link":false,"is_dir":true,"mime":"directory","mtime":1716795224,"path":"mydoc","files_count":0,"dirsize":0,"images_count":0,"url_path":false,"files":{"01-文件收发":{"basename":"01-文件收发","ext":"","fileperms":"0777","filetype":"dir","filesize":0,"is_readable":true,"is_writeable":true,"is_link":false,"is_dir":true,"mtime":1715649848,"path":"mydoc/01-文件收发","url_path":false,"mime":"directory"},"02-总结报告":{"basename":"02-总结报告","ext":"","fileperms":"0777","filetype":"dir","filesize":0,"is_readable":true,"is_writeable":true,"is_link":false,"is_dir":true,"mtime":1718855106,"path":"mydoc/02-总结报告","url_path":false,"mime":"directory"},"03-讲话心得":{"basename":"03-讲话心得","ext":"","fileperms":"0777","filetype":"dir","filesize":0,"is_readable":true,"is_writeable":true,"is_link":false,"is_dir":true,"mtime":1717491374,"path":"mydoc/03-讲话心得","url_path":false,"mime":"directory"},"04-述职述廉":{"basename":"04-述职述廉","ext":"","fileperms":"0777","filetype":"dir","filesize":0,"is_readable":true,"is_writeable":true,"is_link":false,"is_dir":true,"mtime":1700121215,"path":"mydoc/04-述职述廉","url_path":false,"mime":"directory"},"05-公文制度":{"basename":"05-公文制度","ext":"","fileperms":"0777","filetype":"dir","filesize":0,"is_readable":true,"is_writeable":true,"is_link":false,"is_dir":true,"mtime":1706607466,"path":"mydoc/05-公文制度","url_path":false,"mime":"directory"},"06-党风廉政":{"basename":"06-党风廉政","ext":"","fileperms":"0777","filetype":"dir","filesize":0,"is_readable":true,"is_writeable":true,"is_link":false,"is_dir":true,"mtime":1715649573,"path":"mydoc/06-党风廉政","url_path":false,"mime":"directory"},"07-民主生活会":{"basename":"07-民主生活会","ext":"","fileperms":"0777","filetype":"dir","filesize":0,"is_readable":true,"is_writeable":true,"is_link":false,"is_dir":true,"mtime":1706495220,"path":"mydoc/07-民主生活会","url_path":false,"mime":"directory"},"08-汇报交流":{"basename":"08-汇报交流","ext":"","fileperms":"0777","filetype":"dir","filesize":0,"is_readable":true,"is_writeable":true,"is_link":false,"is_dir":true,"mtime":1718855146,"path":"mydoc/08-汇报交流","url_path":false,"mime":"directory"},"09-年度考核":{"basename":"09-年度考核","ext":"","fileperms":"0777","filetype":"dir","filesize":0,"is_readable":true,"is_writeable":true,"is_link":false,"is_dir":true,"mtime":1701244915,"path":"mydoc/09-年度考核","url_path":false,"mime":"directory"},"10-党建工作":{"basename":"10-党建工作","ext":"","fileperms":"0775","filetype":"dir","filesize":0,"is_readable":true,"is_writeable":true,"is_link":false,"is_dir":true,"mtime":1711610888,"path":"mydoc/10-党建工作","url_path":false,"mime":"directory"},"12-科普工作":{"basename":"12-科普工作","ext":"","fileperms":"0775","filetype":"dir","filesize":0,"is_readable":true,"is_writeable":true,"is_link":false,"is_dir":true,"mtime":1718855393,"path":"mydoc/12-科普工作","url_path":false,"mime":"directory"},"15-总书记文章讲话":{"basename":"15-总书记文章讲话","ext":"","fileperms":"0777","filetype":"dir","filesize":0,"is_readable":true,"is_writeable":true,"is_link":false,"is_dir":true,"mtime":1700121215,"path":"mydoc/15-总书记文章讲话","url_path":false,"mime":"directory"},"19-第四次代表大会":{"basename":"19-第四次代表大会","ext":"","fileperms":"0775","filetype":"dir","filesize":0,"is_readable":true,"is_writeable":true,"is_link":false,"is_dir":true,"mtime":1719989434,"path":"mydoc/19-第四次代表大会","url_path":false,"mime":"directory"},"20-参考资料":{"basename":"20-参考资料","ext":"","fileperms":"0777","filetype":"dir","filesize":0,"is_readable":true,"is_writeable":true,"is_link":false,"is_dir":true,"mtime":1715650049,"path":"mydoc/20-参考资料","url_path":false,"mime":"directory"},"21-主题教育":{"basename":"21-主题教育","ext":"","fileperms":"0775","filetype":"dir","filesize":0,"is_readable":true,"is_writeable":true,"is_link":false,"is_dir":true,"mtime":1715649485,"path":"mydoc/21-主题教育","url_path":false,"mime":"directory"},"22-法律法规":{"basename":"22-法律法规","ext":"","fileperms":"0775","filetype":"dir","filesize":0,"is_readable":true,"is_writeable":true,"is_link":false,"is_dir":true,"mtime":1711611067,"path":"mydoc/22-法律法规","url_path":false,"mime":"directory"},"实施意见":{"basename":"实施意见","ext":"","fileperms":"0755","filetype":"dir","filesize":0,"is_readable":true,"is_writeable":false,"is_link":false,"is_dir":true,"mtime":1716795224,"path":"mydoc/实施意见","url_path":false,"mime":"directory"}}}