{"basename":"240212西昌行","fileperms":"0755","filetype":"dir","is_readable":true,"is_writeable":false,"is_link":false,"is_dir":true,"mime":"directory","mtime":1715567666,"path":"photo/240212西昌行","files_count":60,"dirsize":193424252,"images_count":60,"url_path":false,"files":{"IMG_20240211_171335.jpg":{"basename":"IMG_20240211_171335.jpg","ext":"jpg","fileperms":"0644","filetype":"file","filesize":3095367,"is_readable":true,"is_writeable":false,"is_link":false,"is_dir":false,"mtime":1715567666,"path":"photo/240212西昌行/IMG_20240211_171335.jpg","url_path":false,"mime":"image/jpeg","icon":"image","image":{"width":3968,"height":2232,"type":2,"bits":8,"channels":3,"mime":"image/jpeg","exif":{"ApertureFNumber":"f/1.8","DateTimeOriginal":"2024:02:11 17:13:35","ExposureTime":"2678928/1000000000","FocalLength":"4710/1000","Model":"22041211AC","Orientation":1,"ISOSpeedRatings":56,"gps":[27.218763888888887,102.90581944444445]}}},"IMG_20240211_171355.jpg":{"basename":"IMG_20240211_171355.jpg","ext":"jpg","fileperms":"0644","filetype":"file","filesize":4184137,"is_readable":true,"is_writeable":false,"is_link":false,"is_dir":false,"mtime":1715567666,"path":"photo/240212西昌行/IMG_20240211_171355.jpg","url_path":false,"mime":"image/jpeg","icon":"image","image":{"width":3968,"height":2232,"type":2,"bits":8,"channels":3,"mime":"image/jpeg","exif":{"ApertureFNumber":"f/1.8","DateTimeOriginal":"2024:02:11 17:13:55","ExposureTime":"4136848/1000000000","FocalLength":"4710/1000","Model":"22041211AC","Orientation":1,"ISOSpeedRatings":56,"gps":[27.218763888888887,102.90581944444445]}}},"IMG_20240211_171400.jpg":{"basename":"IMG_20240211_171400.jpg","ext":"jpg","fileperms":"0644","filetype":"file","filesize":4092614,"is_readable":true,"is_writeable":false,"is_link":false,"is_dir":false,"mtime":1715567665,"path":"photo/240212西昌行/IMG_20240211_171400.jpg","url_path":false,"mime":"image/jpeg","icon":"image","image":{"width":3968,"height":2232,"type":2,"bits":8,"channels":3,"mime":"image/jpeg","exif":{"ApertureFNumber":"f/1.8","DateTimeOriginal":"2024:02:11 17:14:00","ExposureTime":"3517232/1000000000","FocalLength":"4710/1000","Model":"22041211AC","Orientation":1,"ISOSpeedRatings":56,"gps":[27.218763888888887,102.90581944444445]}}},"IMG_20240211_171402.jpg":{"basename":"IMG_20240211_171402.jpg","ext":"jpg","fileperms":"0644","filetype":"file","filesize":4096936,"is_readable":true,"is_writeable":false,"is_link":false,"is_dir":false,"mtime":1715567665,"path":"photo/240212西昌行/IMG_20240211_171402.jpg","url_path":false,"mime":"image/jpeg","icon":"image","image":{"width":3968,"height":2232,"type":2,"bits":8,"channels":3,"mime":"image/jpeg","exif":{"ApertureFNumber":"f/1.8","DateTimeOriginal":"2024:02:11 17:14:02","ExposureTime":"2970512/1000000000","FocalLength":"4710/1000","Model":"22041211AC","Orientation":1,"ISOSpeedRatings":56,"gps":[27.218763888888887,102.90581944444445]}}},"IMG_20240211_171416.jpg":{"basename":"IMG_20240211_171416.jpg","ext":"jpg","fileperms":"0644","filetype":"file","filesize":3459748,"is_readable":true,"is_writeable":false,"is_link":false,"is_dir":false,"mtime":1715567664,"path":"photo/240212西昌行/IMG_20240211_171416.jpg","url_path":false,"mime":"image/jpeg","icon":"image","image":{"width":2232,"height":3968,"type":2,"bits":8,"channels":3,"mime":"image/jpeg","exif":{"ApertureFNumber":"f/1.8","DateTimeOriginal":"2024:02:11 17:14:16","ExposureTime":"2350896/1000000000","FocalLength":"4710/1000","Model":"22041211AC","ISOSpeedRatings":56,"gps":[27.218763888888887,102.90581944444445]}}},"IMG_20240211_171435.jpg":{"basename":"IMG_20240211_171435.jpg","ext":"jpg","fileperms":"0644","filetype":"file","filesize":3359949,"is_readable":true,"is_writeable":false,"is_link":false,"is_dir":false,"mtime":1715567663,"path":"photo/240212西昌行/IMG_20240211_171435.jpg","url_path":false,"mime":"image/jpeg","icon":"image","image":{"width":3968,"height":2232,"type":2,"bits":8,"channels":3,"mime":"image/jpeg","exif":{"ApertureFNumber":"f/1.8","DateTimeOriginal":"2024:02:11 17:14:35","ExposureTime":"2496688/1000000000","FocalLength":"4710/1000","Model":"22041211AC","Orientation":1,"ISOSpeedRatings":56,"gps":[27.218763888888887,102.90581944444445]}}},"IMG_20240211_171452.jpg":{"basename":"IMG_20240211_171452.jpg","ext":"jpg","fileperms":"0644","filetype":"file","filesize":3504945,"is_readable":true,"is_writeable":false,"is_link":false,"is_dir":false,"mtime":1715567663,"path":"photo/240212西昌行/IMG_20240211_171452.jpg","url_path":false,"mime":"image/jpeg","icon":"image","image":{"width":2232,"height":3968,"type":2,"bits":8,"channels":3,"mime":"image/jpeg","exif":{"ApertureFNumber":"f/1.8","DateTimeOriginal":"2024:02:11 17:14:52","ExposureTime":"2715376/1000000000","FocalLength":"4710/1000","Model":"22041211AC","ISOSpeedRatings":56,"gps":[27.218763888888887,102.90581944444445]}}},"IMG_20240211_171455.jpg":{"basename":"IMG_20240211_171455.jpg","ext":"jpg","fileperms":"0644","filetype":"file","filesize":3419949,"is_readable":true,"is_writeable":false,"is_link":false,"is_dir":false,"mtime":1715567663,"path":"photo/240212西昌行/IMG_20240211_171455.jpg","url_path":false,"mime":"image/jpeg","icon":"image","image":{"width":3968,"height":2232,"type":2,"bits":8,"channels":3,"mime":"image/jpeg","exif":{"ApertureFNumber":"f/1.8","DateTimeOriginal":"2024:02:11 17:14:55","ExposureTime":"2934064/1000000000","FocalLength":"4710/1000","Model":"22041211AC","Orientation":1,"ISOSpeedRatings":56,"gps":[27.218763888888887,102.90581944444445]}}},"IMG_20240211_171500.jpg":{"basename":"IMG_20240211_171500.jpg","ext":"jpg","fileperms":"0644","filetype":"file","filesize":3607593,"is_readable":true,"is_writeable":false,"is_link":false,"is_dir":false,"mtime":1715567662,"path":"photo/240212西昌行/IMG_20240211_171500.jpg","url_path":false,"mime":"image/jpeg","icon":"image","image":{"width":3968,"height":2232,"type":2,"bits":8,"channels":3,"mime":"image/jpeg","exif":{"ApertureFNumber":"f/1.8","DateTimeOriginal":"2024:02:11 17:15:00","ExposureTime":"2205104/1000000000","FocalLength":"4710/1000","Model":"22041211AC","Orientation":1,"ISOSpeedRatings":56,"gps":[27.218763888888887,102.90581944444445]}}},"IMG_20240211_171531.jpg":{"basename":"IMG_20240211_171531.jpg","ext":"jpg","fileperms":"0644","filetype":"file","filesize":2924676,"is_readable":true,"is_writeable":false,"is_link":false,"is_dir":false,"mtime":1715567662,"path":"photo/240212西昌行/IMG_20240211_171531.jpg","url_path":false,"mime":"image/jpeg","icon":"image","image":{"width":3968,"height":2232,"type":2,"bits":8,"channels":3,"mime":"image/jpeg","exif":{"ApertureFNumber":"f/1.8","DateTimeOriginal":"2024:02:11 17:15:31","ExposureTime":"2733600/1000000000","FocalLength":"4710/1000","Model":"22041211AC","Orientation":1,"ISOSpeedRatings":56,"gps":[27.215622222222223,102.89825833333335]}}},"IMG_20240211_171537.jpg":{"basename":"IMG_20240211_171537.jpg","ext":"jpg","fileperms":"0644","filetype":"file","filesize":3117796,"is_readable":true,"is_writeable":false,"is_link":false,"is_dir":false,"mtime":1715567661,"path":"photo/240212西昌行/IMG_20240211_171537.jpg","url_path":false,"mime":"image/jpeg","icon":"image","image":{"width":3968,"height":2232,"type":2,"bits":8,"channels":3,"mime":"image/jpeg","exif":{"ApertureFNumber":"f/1.8","DateTimeOriginal":"2024:02:11 17:15:37","ExposureTime":"2259776/1000000000","FocalLength":"4710/1000","Model":"22041211AC","Orientation":1,"ISOSpeedRatings":56,"gps":[27.215622222222223,102.89825833333335]}}},"IMG_20240211_171618.jpg":{"basename":"IMG_20240211_171618.jpg","ext":"jpg","fileperms":"0644","filetype":"file","filesize":2971054,"is_readable":true,"is_writeable":false,"is_link":false,"is_dir":false,"mtime":1715567661,"path":"photo/240212西昌行/IMG_20240211_171618.jpg","url_path":false,"mime":"image/jpeg","icon":"image","image":{"width":2232,"height":3968,"type":2,"bits":8,"channels":3,"mime":"image/jpeg","exif":{"ApertureFNumber":"f/1.8","DateTimeOriginal":"2024:02:11 17:16:18","ExposureTime":"2314448/1000000000","FocalLength":"4710/1000","Model":"22041211AC","ISOSpeedRatings":56,"gps":[27.215622222222223,102.89825833333335]}}},"IMG_20240211_171649.jpg":{"basename":"IMG_20240211_171649.jpg","ext":"jpg","fileperms":"0644","filetype":"file","filesize":3055852,"is_readable":true,"is_writeable":false,"is_link":false,"is_dir":false,"mtime":1715567660,"path":"photo/240212西昌行/IMG_20240211_171649.jpg","url_path":false,"mime":"image/jpeg","icon":"image","image":{"width":3968,"height":2232,"type":2,"bits":8,"channels":3,"mime":"image/jpeg","exif":{"ApertureFNumber":"f/1.8","DateTimeOriginal":"2024:02:11 17:16:49","ExposureTime":"2278000/1000000000","FocalLength":"4710/1000","Model":"22041211AC","Orientation":1,"ISOSpeedRatings":56,"gps":[27.215622222222223,102.89825833333335]}}},"IMG_20240211_171718.jpg":{"basename":"IMG_20240211_171718.jpg","ext":"jpg","fileperms":"0644","filetype":"file","filesize":2925348,"is_readable":true,"is_writeable":false,"is_link":false,"is_dir":false,"mtime":1715567660,"path":"photo/240212西昌行/IMG_20240211_171718.jpg","url_path":false,"mime":"image/jpeg","icon":"image","image":{"width":3968,"height":2232,"type":2,"bits":8,"channels":3,"mime":"image/jpeg","exif":{"ApertureFNumber":"f/1.8","DateTimeOriginal":"2024:02:11 17:17:18","ExposureTime":"2733600/1000000000","FocalLength":"4710/1000","Model":"22041211AC","Orientation":1,"ISOSpeedRatings":56,"gps":[27.215622222222223,102.89825833333335]}}},"IMG_20240211_171723.jpg":{"basename":"IMG_20240211_171723.jpg","ext":"jpg","fileperms":"0644","filetype":"file","filesize":2861143,"is_readable":true,"is_writeable":false,"is_link":false,"is_dir":false,"mtime":1715567660,"path":"photo/240212西昌行/IMG_20240211_171723.jpg","url_path":false,"mime":"image/jpeg","icon":"image","image":{"width":3968,"height":2232,"type":2,"bits":8,"channels":3,"mime":"image/jpeg","exif":{"ApertureFNumber":"f/1.8","DateTimeOriginal":"2024:02:11 17:17:23","ExposureTime":"2897616/1000000000","FocalLength":"4710/1000","Model":"22041211AC","Orientation":1,"ISOSpeedRatings":56,"gps":[27.215622222222223,102.89825833333335]}}},"IMG_20240211_171814.jpg":{"basename":"IMG_20240211_171814.jpg","ext":"jpg","fileperms":"0644","filetype":"file","filesize":3885692,"is_readable":true,"is_writeable":false,"is_link":false,"is_dir":false,"mtime":1715567659,"path":"photo/240212西昌行/IMG_20240211_171814.jpg","url_path":false,"mime":"image/jpeg","icon":"image","image":{"width":2232,"height":3968,"type":2,"bits":8,"channels":3,"mime":"image/jpeg","exif":{"ApertureFNumber":"f/1.8","DateTimeOriginal":"2024:02:11 17:18:14","ExposureTime":"6633536/1000000000","FocalLength":"4710/1000","Model":"22041211AC","ISOSpeedRatings":56,"gps":[27.216288888888887,102.89840277777779]}}},"IMG_20240211_171917.jpg":{"basename":"IMG_20240211_171917.jpg","ext":"jpg","fileperms":"0644","filetype":"file","filesize":3245267,"is_readable":true,"is_writeable":false,"is_link":false,"is_dir":false,"mtime":1715567659,"path":"photo/240212西昌行/IMG_20240211_171917.jpg","url_path":false,"mime":"image/jpeg","icon":"image","image":{"width":2232,"height":3968,"type":2,"bits":8,"channels":3,"mime":"image/jpeg","exif":{"ApertureFNumber":"f/1.8","DateTimeOriginal":"2024:02:11 17:19:17","ExposureTime":"2751824/1000000000","FocalLength":"4710/1000","Model":"22041211AC","ISOSpeedRatings":56,"gps":[27.214544444444442,102.89806944444445]}}},"IMG_20240212_133324.jpg":{"basename":"IMG_20240212_133324.jpg","ext":"jpg","fileperms":"0644","filetype":"file","filesize":3679772,"is_readable":true,"is_writeable":false,"is_link":false,"is_dir":false,"mtime":1715567658,"path":"photo/240212西昌行/IMG_20240212_133324.jpg","url_path":false,"mime":"image/jpeg","icon":"image","image":{"width":3888,"height":5184,"type":2,"bits":8,"channels":3,"mime":"image/jpeg","exif":{"ApertureFNumber":"f/2.2","DateTimeOriginal":"2024:02:12 13:33:24","ExposureTime":"2012860/1000000000","FocalLength":"3140/1000","Model":"22041211AC","ISOSpeedRatings":50,"gps":[27.796133333333334,102.31801388888888]}}},"IMG_20240212_135626.jpg":{"basename":"IMG_20240212_135626.jpg","ext":"jpg","fileperms":"0644","filetype":"file","filesize":2475171,"is_readable":true,"is_writeable":false,"is_link":false,"is_dir":false,"mtime":1715567486,"path":"photo/240212西昌行/IMG_20240212_135626.jpg","url_path":false,"mime":"image/jpeg","icon":"image","image":{"width":2232,"height":3968,"type":2,"bits":8,"channels":3,"mime":"image/jpeg","exif":{"ApertureFNumber":"f/1.8","DateTimeOriginal":"2024:02:12 13:56:26","ExposureTime":"6761104/1000000000","FocalLength":"4710/1000","Model":"22041211AC","ISOSpeedRatings":56,"gps":[27.79483888888889,102.31723333333333]}}},"IMG_20240212_135817.jpg":{"basename":"IMG_20240212_135817.jpg","ext":"jpg","fileperms":"0644","filetype":"file","filesize":3253905,"is_readable":true,"is_writeable":false,"is_link":false,"is_dir":false,"mtime":1715567486,"path":"photo/240212西昌行/IMG_20240212_135817.jpg","url_path":false,"mime":"image/jpeg","icon":"image","image":{"width":2232,"height":3968,"type":2,"bits":8,"channels":3,"mime":"image/jpeg","exif":{"ApertureFNumber":"f/1.8","DateTimeOriginal":"2024:02:12 13:58:17","ExposureTime":"2442016/1000000000","FocalLength":"4710/1000","Model":"22041211AC","ISOSpeedRatings":56,"gps":[27.79439166666667,102.3168861111111]}}},"IMG_20240212_140124.jpg":{"basename":"IMG_20240212_140124.jpg","ext":"jpg","fileperms":"0644","filetype":"file","filesize":3623031,"is_readable":true,"is_writeable":false,"is_link":false,"is_dir":false,"mtime":1715567485,"path":"photo/240212西昌行/IMG_20240212_140124.jpg","url_path":false,"mime":"image/jpeg","icon":"image","image":{"width":3968,"height":2232,"type":2,"bits":8,"channels":3,"mime":"image/jpeg","exif":{"ApertureFNumber":"f/1.8","DateTimeOriginal":"2024:02:12 14:01:24","ExposureTime":"6141488/1000000000","FocalLength":"4710/1000","Model":"22041211AC","Orientation":1,"ISOSpeedRatings":56,"gps":[27.793666666666667,102.31663888888889]}}},"IMG_20240212_140547.jpg":{"basename":"IMG_20240212_140547.jpg","ext":"jpg","fileperms":"0644","filetype":"file","filesize":2287829,"is_readable":true,"is_writeable":false,"is_link":false,"is_dir":false,"mtime":1715567485,"path":"photo/240212西昌行/IMG_20240212_140547.jpg","url_path":false,"mime":"image/jpeg","icon":"image","image":{"width":2232,"height":3968,"type":2,"bits":8,"channels":3,"mime":"image/jpeg","exif":{"ApertureFNumber":"f/1.8","DateTimeOriginal":"2024:02:12 14:05:47","ExposureTime":"2806496/1000000000","FocalLength":"4710/1000","Model":"22041211AC","ISOSpeedRatings":56,"gps":[27.793188888888892,102.31640277777778]}}},"IMG_20240212_141206.jpg":{"basename":"IMG_20240212_141206.jpg","ext":"jpg","fileperms":"0644","filetype":"file","filesize":3343967,"is_readable":true,"is_writeable":false,"is_link":false,"is_dir":false,"mtime":1715567485,"path":"photo/240212西昌行/IMG_20240212_141206.jpg","url_path":false,"mime":"image/jpeg","icon":"image","image":{"width":2232,"height":3968,"type":2,"bits":8,"channels":3,"mime":"image/jpeg","exif":{"ApertureFNumber":"f/1.8","DateTimeOriginal":"2024:02:12 14:12:06","ExposureTime":"2405568/1000000000","FocalLength":"4710/1000","Model":"22041211AC","ISOSpeedRatings":56,"gps":[27.79341388888889,102.31665]}}},"IMG_20240212_141305.jpg":{"basename":"IMG_20240212_141305.jpg","ext":"jpg","fileperms":"0644","filetype":"file","filesize":4155686,"is_readable":true,"is_writeable":false,"is_link":false,"is_dir":false,"mtime":1715567484,"path":"photo/240212西昌行/IMG_20240212_141305.jpg","url_path":false,"mime":"image/jpeg","icon":"image","image":{"width":2232,"height":3968,"type":2,"bits":8,"channels":3,"mime":"image/jpeg","exif":{"ApertureFNumber":"f/1.8","DateTimeOriginal":"2024:02:12 14:13:05","ExposureTime":"1731280/1000000000","FocalLength":"4710/1000","Model":"22041211AC","ISOSpeedRatings":56,"gps":[27.793533333333336,102.31658888888889]}}},"IMG_20240212_141834.jpg":{"basename":"IMG_20240212_141834.jpg","ext":"jpg","fileperms":"0644","filetype":"file","filesize":3393749,"is_readable":true,"is_writeable":false,"is_link":false,"is_dir":false,"mtime":1715567484,"path":"photo/240212西昌行/IMG_20240212_141834.jpg","url_path":false,"mime":"image/jpeg","icon":"image","image":{"width":2232,"height":3968,"type":2,"bits":8,"channels":3,"mime":"image/jpeg","exif":{"ApertureFNumber":"f/1.8","DateTimeOriginal":"2024:02:12 14:18:34","ExposureTime":"9385360/1000000000","FocalLength":"4710/1000","Model":"22041211AC","ISOSpeedRatings":56,"gps":[27.794919444444446,102.31724444444444]}}},"IMG_20240212_142022.jpg":{"basename":"IMG_20240212_142022.jpg","ext":"jpg","fileperms":"0644","filetype":"file","filesize":2519495,"is_readable":true,"is_writeable":false,"is_link":false,"is_dir":false,"mtime":1715567483,"path":"photo/240212西昌行/IMG_20240212_142022.jpg","url_path":false,"mime":"image/jpeg","icon":"image","image":{"width":2232,"height":3968,"type":2,"bits":8,"channels":3,"mime":"image/jpeg","exif":{"ApertureFNumber":"f/1.8","DateTimeOriginal":"2024:02:12 14:20:22","ExposureTime":"10004976/1000000000","FocalLength":"4710/1000","Model":"22041211AC","ISOSpeedRatings":66,"gps":[27.795022222222222,102.31729166666666]}}},"IMG_20240212_142156.jpg":{"basename":"IMG_20240212_142156.jpg","ext":"jpg","fileperms":"0644","filetype":"file","filesize":3495034,"is_readable":true,"is_writeable":false,"is_link":false,"is_dir":false,"mtime":1715567483,"path":"photo/240212西昌行/IMG_20240212_142156.jpg","url_path":false,"mime":"image/jpeg","icon":"image","image":{"width":2232,"height":3968,"type":2,"bits":8,"channels":3,"mime":"image/jpeg","exif":{"ApertureFNumber":"f/1.8","DateTimeOriginal":"2024:02:12 14:21:56","ExposureTime":"1640160/1000000000","FocalLength":"4710/1000","Model":"22041211AC","ISOSpeedRatings":56,"gps":[27.79534166666667,102.31753888888889]}}},"IMG_20240212_142357.jpg":{"basename":"IMG_20240212_142357.jpg","ext":"jpg","fileperms":"0644","filetype":"file","filesize":3042667,"is_readable":true,"is_writeable":false,"is_link":false,"is_dir":false,"mtime":1715567482,"path":"photo/240212西昌行/IMG_20240212_142357.jpg","url_path":false,"mime":"image/jpeg","icon":"image","image":{"width":2232,"height":3968,"type":2,"bits":8,"channels":3,"mime":"image/jpeg","exif":{"ApertureFNumber":"f/1.8","DateTimeOriginal":"2024:02:12 14:23:57","ExposureTime":"4975152/1000000000","FocalLength":"4710/1000","Model":"22041211AC","ISOSpeedRatings":56,"gps":[27.796122222222223,102.31800833333332]}}},"IMG_20240212_142549.jpg":{"basename":"IMG_20240212_142549.jpg","ext":"jpg","fileperms":"0644","filetype":"file","filesize":2589008,"is_readable":true,"is_writeable":false,"is_link":false,"is_dir":false,"mtime":1715567482,"path":"photo/240212西昌行/IMG_20240212_142549.jpg","url_path":false,"mime":"image/jpeg","icon":"image","image":{"width":2232,"height":3968,"type":2,"bits":8,"channels":3,"mime":"image/jpeg","exif":{"ApertureFNumber":"f/1.8","DateTimeOriginal":"2024:02:12 14:25:49","ExposureTime":"1476144/1000000000","FocalLength":"4710/1000","Model":"22041211AC","ISOSpeedRatings":56,"gps":[27.79593888888889,102.31811388888889]}}},"IMG_20240212_142624.jpg":{"basename":"IMG_20240212_142624.jpg","ext":"jpg","fileperms":"0644","filetype":"file","filesize":3837708,"is_readable":true,"is_writeable":false,"is_link":false,"is_dir":false,"mtime":1715567481,"path":"photo/240212西昌行/IMG_20240212_142624.jpg","url_path":false,"mime":"image/jpeg","icon":"image","image":{"width":2232,"height":3968,"type":2,"bits":8,"channels":3,"mime":"image/jpeg","exif":{"ApertureFNumber":"f/1.8","DateTimeOriginal":"2024:02:12 14:26:24","ExposureTime":"10004976/1000000000","FocalLength":"4710/1000","Model":"22041211AC","ISOSpeedRatings":100,"gps":[27.795883333333336,102.31826944444444]}}},"IMG_20240212_142717.jpg":{"basename":"IMG_20240212_142717.jpg","ext":"jpg","fileperms":"0644","filetype":"file","filesize":3542300,"is_readable":true,"is_writeable":false,"is_link":false,"is_dir":false,"mtime":1715567481,"path":"photo/240212西昌行/IMG_20240212_142717.jpg","url_path":false,"mime":"image/jpeg","icon":"image","image":{"width":2232,"height":3968,"type":2,"bits":8,"channels":3,"mime":"image/jpeg","exif":{"ApertureFNumber":"f/1.8","DateTimeOriginal":"2024:02:12 14:27:17","ExposureTime":"10004976/1000000000","FocalLength":"4710/1000","Model":"22041211AC","ISOSpeedRatings":92,"gps":[27.795883333333336,102.31826944444444]}}},"IMG_20240212_143033.jpg":{"basename":"IMG_20240212_143033.jpg","ext":"jpg","fileperms":"0644","filetype":"file","filesize":3059562,"is_readable":true,"is_writeable":false,"is_link":false,"is_dir":false,"mtime":1715567480,"path":"photo/240212西昌行/IMG_20240212_143033.jpg","url_path":false,"mime":"image/jpeg","icon":"image","image":{"width":2232,"height":3968,"type":2,"bits":8,"channels":3,"mime":"image/jpeg","exif":{"ApertureFNumber":"f/1.8","DateTimeOriginal":"2024:02:12 14:30:33","ExposureTime":"1840624/1000000000","FocalLength":"4710/1000","Model":"22041211AC","ISOSpeedRatings":56,"gps":[27.79618055555556,102.31827777777778]}}},"IMG_20240213_180034.jpg":{"basename":"IMG_20240213_180034.jpg","ext":"jpg","fileperms":"0644","filetype":"file","filesize":2876357,"is_readable":true,"is_writeable":false,"is_link":false,"is_dir":false,"mtime":1715567658,"path":"photo/240212西昌行/IMG_20240213_180034.jpg","url_path":false,"mime":"image/jpeg","icon":"image","image":{"width":2232,"height":3968,"type":2,"bits":8,"channels":3,"mime":"image/jpeg","exif":{"ApertureFNumber":"f/1.8","DateTimeOriginal":"2024:02:13 18:00:34","ExposureTime":"10004976/1000000000","FocalLength":"4710/1000","Model":"22041211AC","ISOSpeedRatings":91,"gps":[27.89817222222222,102.27039444444445]}}},"IMG_20240213_180622.jpg":{"basename":"IMG_20240213_180622.jpg","ext":"jpg","fileperms":"0644","filetype":"file","filesize":2854677,"is_readable":true,"is_writeable":false,"is_link":false,"is_dir":false,"mtime":1715567657,"path":"photo/240212西昌行/IMG_20240213_180622.jpg","url_path":false,"mime":"image/jpeg","icon":"image","image":{"width":2232,"height":3968,"type":2,"bits":8,"channels":3,"mime":"image/jpeg","exif":{"ApertureFNumber":"f/1.8","DateTimeOriginal":"2024:02:13 18:06:23","ExposureTime":"20009952/1000000000","FocalLength":"4710/1000","Model":"22041211AC","ISOSpeedRatings":377,"gps":[27.89863888888889,102.27045555555556]}}},"IMG_20240214_103733.jpg":{"basename":"IMG_20240214_103733.jpg","ext":"jpg","fileperms":"0644","filetype":"file","filesize":3596130,"is_readable":true,"is_writeable":false,"is_link":false,"is_dir":false,"mtime":1715567657,"path":"photo/240212西昌行/IMG_20240214_103733.jpg","url_path":false,"mime":"image/jpeg","icon":"image","image":{"width":2232,"height":3968,"type":2,"bits":8,"channels":3,"mime":"image/jpeg","exif":{"ApertureFNumber":"f/1.8","DateTimeOriginal":"2024:02:14 10:37:33","ExposureTime":"2496688/1000000000","FocalLength":"4710/1000","Model":"22041211AC","ISOSpeedRatings":56,"gps":[28.242316666666667,102.02737499999999]}}},"IMG_20240214_104008.jpg":{"basename":"IMG_20240214_104008.jpg","ext":"jpg","fileperms":"0644","filetype":"file","filesize":3168797,"is_readable":true,"is_writeable":false,"is_link":false,"is_dir":false,"mtime":1715567657,"path":"photo/240212西昌行/IMG_20240214_104008.jpg","url_path":false,"mime":"image/jpeg","icon":"image","image":{"width":2232,"height":3968,"type":2,"bits":8,"channels":3,"mime":"image/jpeg","exif":{"ApertureFNumber":"f/1.8","DateTimeOriginal":"2024:02:14 10:40:08","ExposureTime":"3772368/1000000000","FocalLength":"4710/1000","Model":"22041211AC","ISOSpeedRatings":56,"gps":[28.242291666666667,102.02693055555555]}}},"IMG_20240214_104024.jpg":{"basename":"IMG_20240214_104024.jpg","ext":"jpg","fileperms":"0644","filetype":"file","filesize":2936647,"is_readable":true,"is_writeable":false,"is_link":false,"is_dir":false,"mtime":1715567656,"path":"photo/240212西昌行/IMG_20240214_104024.jpg","url_path":false,"mime":"image/jpeg","icon":"image","image":{"width":2232,"height":3968,"type":2,"bits":8,"channels":3,"mime":"image/jpeg","exif":{"ApertureFNumber":"f/1.8","DateTimeOriginal":"2024:02:14 10:40:24","ExposureTime":"4355536/1000000000","FocalLength":"4710/1000","Model":"22041211AC","ISOSpeedRatings":56,"gps":[28.242291666666667,102.02693055555555]}}},"IMG_20240214_104419.jpg":{"basename":"IMG_20240214_104419.jpg","ext":"jpg","fileperms":"0644","filetype":"file","filesize":3082271,"is_readable":true,"is_writeable":false,"is_link":false,"is_dir":false,"mtime":1715567656,"path":"photo/240212西昌行/IMG_20240214_104419.jpg","url_path":false,"mime":"image/jpeg","icon":"image","image":{"width":2232,"height":3968,"type":2,"bits":8,"channels":3,"mime":"image/jpeg","exif":{"ApertureFNumber":"f/1.8","DateTimeOriginal":"2024:02:14 10:44:19","ExposureTime":"2278000/1000000000","FocalLength":"4710/1000","Model":"22041211AC","ISOSpeedRatings":56,"gps":[28.242275,102.02706388888889]}}},"IMG_20240214_104523.jpg":{"basename":"IMG_20240214_104523.jpg","ext":"jpg","fileperms":"0644","filetype":"file","filesize":2435649,"is_readable":true,"is_writeable":false,"is_link":false,"is_dir":false,"mtime":1715567655,"path":"photo/240212西昌行/IMG_20240214_104523.jpg","url_path":false,"mime":"image/jpeg","icon":"image","image":{"width":2232,"height":3968,"type":2,"bits":8,"channels":3,"mime":"image/jpeg","exif":{"ApertureFNumber":"f/1.8","DateTimeOriginal":"2024:02:14 10:45:23","ExposureTime":"1895296/1000000000","FocalLength":"4710/1000","Model":"22041211AC","ISOSpeedRatings":56,"gps":[28.242269444444446,102.02702222222221]}}},"IMG_20240214_105314.jpg":{"basename":"IMG_20240214_105314.jpg","ext":"jpg","fileperms":"0644","filetype":"file","filesize":3354192,"is_readable":true,"is_writeable":false,"is_link":false,"is_dir":false,"mtime":1715567654,"path":"photo/240212西昌行/IMG_20240214_105314.jpg","url_path":false,"mime":"image/jpeg","icon":"image","image":{"width":2232,"height":3968,"type":2,"bits":8,"channels":3,"mime":"image/jpeg","exif":{"ApertureFNumber":"f/1.8","DateTimeOriginal":"2024:02:14 10:53:14","ExposureTime":"1621936/1000000000","FocalLength":"4710/1000","Model":"22041211AC","ISOSpeedRatings":56,"gps":[28.2427,102.02685277777778]}}},"IMG_20240214_105317.jpg":{"basename":"IMG_20240214_105317.jpg","ext":"jpg","fileperms":"0644","filetype":"file","filesize":3637620,"is_readable":true,"is_writeable":false,"is_link":false,"is_dir":false,"mtime":1715567654,"path":"photo/240212西昌行/IMG_20240214_105317.jpg","url_path":false,"mime":"image/jpeg","icon":"image","image":{"width":2232,"height":3968,"type":2,"bits":8,"channels":3,"mime":"image/jpeg","exif":{"ApertureFNumber":"f/1.8","DateTimeOriginal":"2024:02:14 10:53:17","ExposureTime":"1621936/1000000000","FocalLength":"4710/1000","Model":"22041211AC","ISOSpeedRatings":56,"gps":[28.2427,102.02685277777778]}}},"IMG_20240214_105333.jpg":{"basename":"IMG_20240214_105333.jpg","ext":"jpg","fileperms":"0644","filetype":"file","filesize":3588811,"is_readable":true,"is_writeable":false,"is_link":false,"is_dir":false,"mtime":1715567653,"path":"photo/240212西昌行/IMG_20240214_105333.jpg","url_path":false,"mime":"image/jpeg","icon":"image","image":{"width":3968,"height":2232,"type":2,"bits":8,"channels":3,"mime":"image/jpeg","exif":{"ApertureFNumber":"f/1.8","DateTimeOriginal":"2024:02:14 10:53:33","ExposureTime":"1840624/1000000000","FocalLength":"4710/1000","Model":"22041211AC","Orientation":1,"ISOSpeedRatings":56,"gps":[28.2427,102.02685277777778]}}},"IMG_20240214_105457.jpg":{"basename":"IMG_20240214_105457.jpg","ext":"jpg","fileperms":"0644","filetype":"file","filesize":3953556,"is_readable":true,"is_writeable":false,"is_link":false,"is_dir":false,"mtime":1715567653,"path":"photo/240212西昌行/IMG_20240214_105457.jpg","url_path":false,"mime":"image/jpeg","icon":"image","image":{"width":3968,"height":2232,"type":2,"bits":8,"channels":3,"mime":"image/jpeg","exif":{"ApertureFNumber":"f/1.8","DateTimeOriginal":"2024:02:14 10:54:57","ExposureTime":"1494368/1000000000","FocalLength":"4710/1000","Model":"22041211AC","Orientation":1,"ISOSpeedRatings":56,"gps":[28.24271388888889,102.02683333333333]}}},"IMG_20240214_105612.jpg":{"basename":"IMG_20240214_105612.jpg","ext":"jpg","fileperms":"0644","filetype":"file","filesize":3638140,"is_readable":true,"is_writeable":false,"is_link":false,"is_dir":false,"mtime":1715567652,"path":"photo/240212西昌行/IMG_20240214_105612.jpg","url_path":false,"mime":"image/jpeg","icon":"image","image":{"width":3968,"height":2232,"type":2,"bits":8,"channels":3,"mime":"image/jpeg","exif":{"ApertureFNumber":"f/1.8","DateTimeOriginal":"2024:02:14 10:56:12","ExposureTime":"1931744/1000000000","FocalLength":"4710/1000","Model":"22041211AC","Orientation":1,"ISOSpeedRatings":57,"gps":[28.24238888888889,102.02702777777777]}}},"IMG_20240214_110613.jpg":{"basename":"IMG_20240214_110613.jpg","ext":"jpg","fileperms":"0644","filetype":"file","filesize":4784685,"is_readable":true,"is_writeable":false,"is_link":false,"is_dir":false,"mtime":1715567652,"path":"photo/240212西昌行/IMG_20240214_110613.jpg","url_path":false,"mime":"image/jpeg","icon":"image","image":{"width":3968,"height":2232,"type":2,"bits":8,"channels":3,"mime":"image/jpeg","exif":{"ApertureFNumber":"f/1.8","DateTimeOriginal":"2024:02:14 11:06:13","ExposureTime":"6560640/1000000000","FocalLength":"4710/1000","Model":"22041211AC","Orientation":1,"ISOSpeedRatings":56,"gps":[28.242894444444445,102.02697222222223]}}},"IMG_20240214_110652.jpg":{"basename":"IMG_20240214_110652.jpg","ext":"jpg","fileperms":"0644","filetype":"file","filesize":4437731,"is_readable":true,"is_writeable":false,"is_link":false,"is_dir":false,"mtime":1715567651,"path":"photo/240212西昌行/IMG_20240214_110652.jpg","url_path":false,"mime":"image/jpeg","icon":"image","image":{"width":3968,"height":2232,"type":2,"bits":8,"channels":3,"mime":"image/jpeg","exif":{"ApertureFNumber":"f/1.8","DateTimeOriginal":"2024:02:14 11:06:52","ExposureTime":"7125584/1000000000","FocalLength":"4710/1000","Model":"22041211AC","Orientation":1,"ISOSpeedRatings":56,"gps":[28.242894444444445,102.02697222222223]}}},"IMG_20240214_110816.jpg":{"basename":"IMG_20240214_110816.jpg","ext":"jpg","fileperms":"0644","filetype":"file","filesize":3732790,"is_readable":true,"is_writeable":false,"is_link":false,"is_dir":false,"mtime":1715567651,"path":"photo/240212西昌行/IMG_20240214_110816.jpg","url_path":false,"mime":"image/jpeg","icon":"image","image":{"width":2232,"height":3968,"type":2,"bits":8,"channels":3,"mime":"image/jpeg","exif":{"ApertureFNumber":"f/1.8","DateTimeOriginal":"2024:02:14 11:08:16","ExposureTime":"10004976/1000000000","FocalLength":"4710/1000","Model":"22041211AC","ISOSpeedRatings":137,"gps":[28.2425,102.02701388888889]}}},"IMG_20240214_120556.jpg":{"basename":"IMG_20240214_120556.jpg","ext":"jpg","fileperms":"0644","filetype":"file","filesize":3610108,"is_readable":true,"is_writeable":false,"is_link":false,"is_dir":false,"mtime":1715567650,"path":"photo/240212西昌行/IMG_20240214_120556.jpg","url_path":false,"mime":"image/jpeg","icon":"image","image":{"width":2232,"height":3968,"type":2,"bits":8,"channels":3,"mime":"image/jpeg","exif":{"ApertureFNumber":"f/1.8","DateTimeOriginal":"2024:02:14 12:05:57","ExposureTime":"692512/1000000000","FocalLength":"4710/1000","Model":"22041211AC","ISOSpeedRatings":56,"gps":[28.202866666666665,102.06652222222222]}}},"IMG_20240214_120936.jpg":{"basename":"IMG_20240214_120936.jpg","ext":"jpg","fileperms":"0644","filetype":"file","filesize":2361411,"is_readable":true,"is_writeable":false,"is_link":false,"is_dir":false,"mtime":1715567650,"path":"photo/240212西昌行/IMG_20240214_120936.jpg","url_path":false,"mime":"image/jpeg","icon":"image","image":{"width":2232,"height":3968,"type":2,"bits":8,"channels":3,"mime":"image/jpeg","exif":{"ApertureFNumber":"f/1.8","DateTimeOriginal":"2024:02:14 12:09:36","ExposureTime":"19991728/1000000000","FocalLength":"4710/1000","Model":"22041211AC","ISOSpeedRatings":1268,"gps":[28.20285833333333,102.06654722222223]}}},"IMG_20240214_120952.jpg":{"basename":"IMG_20240214_120952.jpg","ext":"jpg","fileperms":"0644","filetype":"file","filesize":2431843,"is_readable":true,"is_writeable":false,"is_link":false,"is_dir":false,"mtime":1715567650,"path":"photo/240212西昌行/IMG_20240214_120952.jpg","url_path":false,"mime":"image/jpeg","icon":"image","image":{"width":2232,"height":3968,"type":2,"bits":8,"channels":3,"mime":"image/jpeg","exif":{"ApertureFNumber":"f/1.8","DateTimeOriginal":"2024:02:14 12:09:52","ExposureTime":"10004976/1000000000","FocalLength":"4710/1000","Model":"22041211AC","ISOSpeedRatings":407,"gps":[28.20285833333333,102.06654722222223]}}},"IMG_20240214_121037.jpg":{"basename":"IMG_20240214_121037.jpg","ext":"jpg","fileperms":"0644","filetype":"file","filesize":1868902,"is_readable":true,"is_writeable":false,"is_link":false,"is_dir":false,"mtime":1715567649,"path":"photo/240212西昌行/IMG_20240214_121037.jpg","url_path":false,"mime":"image/jpeg","icon":"image","image":{"width":2232,"height":3968,"type":2,"bits":8,"channels":3,"mime":"image/jpeg","exif":{"ApertureFNumber":"f/1.8","DateTimeOriginal":"2024:02:14 12:10:37","ExposureTime":"20009952/1000000000","FocalLength":"4710/1000","Model":"22041211AC","ISOSpeedRatings":236,"gps":[28.202866666666665,102.06652777777778]}}},"IMG_20240214_121043.jpg":{"basename":"IMG_20240214_121043.jpg","ext":"jpg","fileperms":"0644","filetype":"file","filesize":2379259,"is_readable":true,"is_writeable":false,"is_link":false,"is_dir":false,"mtime":1715567649,"path":"photo/240212西昌行/IMG_20240214_121043.jpg","url_path":false,"mime":"image/jpeg","icon":"image","image":{"width":3968,"height":2232,"type":2,"bits":8,"channels":3,"mime":"image/jpeg","exif":{"ApertureFNumber":"f/1.8","DateTimeOriginal":"2024:02:14 12:10:43","ExposureTime":"10004976/1000000000","FocalLength":"4710/1000","Model":"22041211AC","Orientation":1,"ISOSpeedRatings":272,"gps":[28.202866666666665,102.06652777777778]}}},"IMG_20240214_121542.jpg":{"basename":"IMG_20240214_121542.jpg","ext":"jpg","fileperms":"0644","filetype":"file","filesize":2561270,"is_readable":true,"is_writeable":false,"is_link":false,"is_dir":false,"mtime":1715567649,"path":"photo/240212西昌行/IMG_20240214_121542.jpg","url_path":false,"mime":"image/jpeg","icon":"image","image":{"width":3968,"height":2232,"type":2,"bits":8,"channels":3,"mime":"image/jpeg","exif":{"ApertureFNumber":"f/1.8","DateTimeOriginal":"2024:02:14 12:15:42","ExposureTime":"3444336/1000000000","FocalLength":"4710/1000","Model":"22041211AC","Orientation":1,"ISOSpeedRatings":56,"gps":[28.202588888888886,102.06563333333332]}}},"IMG_20240214_121609.jpg":{"basename":"IMG_20240214_121609.jpg","ext":"jpg","fileperms":"0644","filetype":"file","filesize":2193783,"is_readable":true,"is_writeable":false,"is_link":false,"is_dir":false,"mtime":1715567648,"path":"photo/240212西昌行/IMG_20240214_121609.jpg","url_path":false,"mime":"image/jpeg","icon":"image","image":{"width":3968,"height":2232,"type":2,"bits":8,"channels":3,"mime":"image/jpeg","exif":{"ApertureFNumber":"f/1.8","DateTimeOriginal":"2024:02:14 12:16:09","ExposureTime":"4428432/1000000000","FocalLength":"4710/1000","Model":"22041211AC","Orientation":1,"ISOSpeedRatings":56,"gps":[28.202516666666664,102.06563333333332]}}},"IMG_20240214_122203.jpg":{"basename":"IMG_20240214_122203.jpg","ext":"jpg","fileperms":"0644","filetype":"file","filesize":3702875,"is_readable":true,"is_writeable":false,"is_link":false,"is_dir":false,"mtime":1715567648,"path":"photo/240212西昌行/IMG_20240214_122203.jpg","url_path":false,"mime":"image/jpeg","icon":"image","image":{"width":2232,"height":3968,"type":2,"bits":8,"channels":3,"mime":"image/jpeg","exif":{"ApertureFNumber":"f/1.8","DateTimeOriginal":"2024:02:14 12:22:03","ExposureTime":"674288/1000000000","FocalLength":"4710/1000","Model":"22041211AC","ISOSpeedRatings":57,"gps":[28.202869444444445,102.06651111111111]}}},"IMG_20240214_122205.jpg":{"basename":"IMG_20240214_122205.jpg","ext":"jpg","fileperms":"0644","filetype":"file","filesize":3734625,"is_readable":true,"is_writeable":false,"is_link":false,"is_dir":false,"mtime":1715567648,"path":"photo/240212西昌行/IMG_20240214_122205.jpg","url_path":false,"mime":"image/jpeg","icon":"image","image":{"width":2232,"height":3968,"type":2,"bits":8,"channels":3,"mime":"image/jpeg","exif":{"ApertureFNumber":"f/1.8","DateTimeOriginal":"2024:02:14 12:22:05","ExposureTime":"674288/1000000000","FocalLength":"4710/1000","Model":"22041211AC","ISOSpeedRatings":57,"gps":[28.202869444444445,102.06651111111111]}}},"IMG_20240214_122208.jpg":{"basename":"IMG_20240214_122208.jpg","ext":"jpg","fileperms":"0644","filetype":"file","filesize":3533934,"is_readable":true,"is_writeable":false,"is_link":false,"is_dir":false,"mtime":1715567647,"path":"photo/240212西昌行/IMG_20240214_122208.jpg","url_path":false,"mime":"image/jpeg","icon":"image","image":{"width":2232,"height":3968,"type":2,"bits":8,"channels":3,"mime":"image/jpeg","exif":{"ApertureFNumber":"f/1.8","DateTimeOriginal":"2024:02:14 12:22:08","ExposureTime":"674288/1000000000","FocalLength":"4710/1000","Model":"22041211AC","ISOSpeedRatings":57,"gps":[28.202869444444445,102.06651111111111]}}},"IMG_20240214_122209.jpg":{"basename":"IMG_20240214_122209.jpg","ext":"jpg","fileperms":"0644","filetype":"file","filesize":3402554,"is_readable":true,"is_writeable":false,"is_link":false,"is_dir":false,"mtime":1715567647,"path":"photo/240212西昌行/IMG_20240214_122209.jpg","url_path":false,"mime":"image/jpeg","icon":"image","image":{"width":2232,"height":3968,"type":2,"bits":8,"channels":3,"mime":"image/jpeg","exif":{"ApertureFNumber":"f/1.8","DateTimeOriginal":"2024:02:14 12:22:09","ExposureTime":"674288/1000000000","FocalLength":"4710/1000","Model":"22041211AC","ISOSpeedRatings":57,"gps":[28.202869444444445,102.06651111111111]}}},"IMG_20240214_122213_1.jpg":{"basename":"IMG_20240214_122213_1.jpg","ext":"jpg","fileperms":"0644","filetype":"file","filesize":1633382,"is_readable":true,"is_writeable":false,"is_link":false,"is_dir":false,"mtime":1715567646,"path":"photo/240212西昌行/IMG_20240214_122213_1.jpg","url_path":false,"mime":"image/jpeg","icon":"image","image":{"width":3072,"height":1728,"type":2,"bits":8,"channels":3,"mime":"image/jpeg","exif":{"ApertureFNumber":"f/2.2","DateTimeOriginal":"2024:02:14 12:22:13","ExposureTime":"447848/1000000000","FocalLength":"1660/1000","Model":"22041211AC","Orientation":1,"ISOSpeedRatings":51,"gps":[28.202869444444445,102.06651111111111]}}},"西昌卫星发射中心.jpg":{"basename":"西昌卫星发射中心.jpg","ext":"jpg","fileperms":"0644","filetype":"file","filesize":1825303,"is_readable":true,"is_writeable":false,"is_link":false,"is_dir":false,"mtime":1710302004,"path":"photo/240212西昌行/西昌卫星发射中心.jpg","url_path":false,"mime":"image/jpeg","icon":"image","image":{"width":4811,"height":3259,"type":2,"bits":8,"channels":3,"mime":"image/jpeg"}}}}