{"basename":"1407-宜宾竹海","fileperms":"0755","filetype":"dir","is_readable":true,"is_writeable":false,"is_link":false,"is_dir":true,"mime":"directory","mtime":1703649670,"path":"photo/1407-宜宾竹海","files_count":19,"dirsize":65073267,"images_count":19,"url_path":false,"files":{"IMG_0461.JPG":{"basename":"IMG_0461.JPG","ext":"jpg","fileperms":"0644","filetype":"file","filesize":4763443,"is_readable":true,"is_writeable":false,"is_link":false,"is_dir":false,"mtime":1703649662,"path":"photo/1407-宜宾竹海/IMG_0461.JPG","url_path":false,"mime":"image/jpeg","icon":"image","image":{"width":2304,"height":3456,"type":2,"bits":8,"channels":3,"mime":"image/jpeg","exif":{"ApertureFNumber":"f/6.3","DateTimeOriginal":"2013:09:05 10:41:00","ExposureTime":"1/100","FocalLength":"29/1","Model":"Canon EOS 700D","Orientation":1,"ISOSpeedRatings":100}}},"IMG_0462.JPG":{"basename":"IMG_0462.JPG","ext":"jpg","fileperms":"0644","filetype":"file","filesize":4491363,"is_readable":true,"is_writeable":false,"is_link":false,"is_dir":false,"mtime":1703649663,"path":"photo/1407-宜宾竹海/IMG_0462.JPG","url_path":false,"mime":"image/jpeg","icon":"image","image":{"width":2304,"height":3456,"type":2,"bits":8,"channels":3,"mime":"image/jpeg","exif":{"ApertureFNumber":"f/6.3","DateTimeOriginal":"2013:09:05 10:41:53","ExposureTime":"1/125","FocalLength":"35/1","Model":"Canon EOS 700D","Orientation":1,"ISOSpeedRatings":100}}},"IMG_0482.JPG":{"basename":"IMG_0482.JPG","ext":"jpg","fileperms":"0644","filetype":"file","filesize":4292521,"is_readable":true,"is_writeable":false,"is_link":false,"is_dir":false,"mtime":1703649664,"path":"photo/1407-宜宾竹海/IMG_0482.JPG","url_path":false,"mime":"image/jpeg","icon":"image","image":{"width":3456,"height":2304,"type":2,"bits":8,"channels":3,"mime":"image/jpeg","exif":{"ApertureFNumber":"f/4.0","DateTimeOriginal":"2013:09:05 13:48:32","ExposureTime":"1/80","FocalLength":"24/1","Model":"Canon EOS 700D","Orientation":1,"ISOSpeedRatings":100}}},"IMG_0515.JPG":{"basename":"IMG_0515.JPG","ext":"jpg","fileperms":"0644","filetype":"file","filesize":3996004,"is_readable":true,"is_writeable":false,"is_link":false,"is_dir":false,"mtime":1703649664,"path":"photo/1407-宜宾竹海/IMG_0515.JPG","url_path":false,"mime":"image/jpeg","icon":"image","image":{"width":3456,"height":2304,"type":2,"bits":8,"channels":3,"mime":"image/jpeg","exif":{"ApertureFNumber":"f/5.0","DateTimeOriginal":"2013:09:05 14:23:31","ExposureTime":"1/50","FocalLength":"24/1","Model":"Canon EOS 700D","Orientation":1,"ISOSpeedRatings":100}}},"IMG_0532.JPG":{"basename":"IMG_0532.JPG","ext":"jpg","fileperms":"0644","filetype":"file","filesize":4161460,"is_readable":true,"is_writeable":false,"is_link":false,"is_dir":false,"mtime":1703649665,"path":"photo/1407-宜宾竹海/IMG_0532.JPG","url_path":false,"mime":"image/jpeg","icon":"image","image":{"width":3456,"height":2304,"type":2,"bits":8,"channels":3,"mime":"image/jpeg","exif":{"ApertureFNumber":"f/5.6","DateTimeOriginal":"2013:09:05 17:11:08","ExposureTime":"1/80","FocalLength":"22/1","Model":"Canon EOS 700D","Orientation":1,"ISOSpeedRatings":100}}},"IMG_0547.JPG":{"basename":"IMG_0547.JPG","ext":"jpg","fileperms":"0644","filetype":"file","filesize":2786122,"is_readable":true,"is_writeable":false,"is_link":false,"is_dir":false,"mtime":1703649665,"path":"photo/1407-宜宾竹海/IMG_0547.JPG","url_path":false,"mime":"image/jpeg","icon":"image","image":{"width":3456,"height":2304,"type":2,"bits":8,"channels":3,"mime":"image/jpeg","exif":{"ApertureFNumber":"f/4.0","DateTimeOriginal":"2013:09:05 17:30:39","ExposureTime":"1/50","FocalLength":"24/1","Model":"Canon EOS 700D","Orientation":1,"ISOSpeedRatings":100}}},"IMG_0557.JPG":{"basename":"IMG_0557.JPG","ext":"jpg","fileperms":"0644","filetype":"file","filesize":3224656,"is_readable":true,"is_writeable":false,"is_link":false,"is_dir":false,"mtime":1703649666,"path":"photo/1407-宜宾竹海/IMG_0557.JPG","url_path":false,"mime":"image/jpeg","icon":"image","image":{"width":3456,"height":2304,"type":2,"bits":8,"channels":3,"mime":"image/jpeg","exif":{"ApertureFNumber":"f/4.0","DateTimeOriginal":"2013:09:05 17:34:15","ExposureTime":"1/100","FocalLength":"24/1","Model":"Canon EOS 700D","Orientation":1,"ISOSpeedRatings":100}}},"IMG_0591.JPG":{"basename":"IMG_0591.JPG","ext":"jpg","fileperms":"0644","filetype":"file","filesize":3226305,"is_readable":true,"is_writeable":false,"is_link":false,"is_dir":false,"mtime":1703649666,"path":"photo/1407-宜宾竹海/IMG_0591.JPG","url_path":false,"mime":"image/jpeg","icon":"image","image":{"width":2304,"height":3456,"type":2,"bits":8,"channels":3,"mime":"image/jpeg","exif":{"ApertureFNumber":"f/5.0","DateTimeOriginal":"2013:09:06 09:33:06","ExposureTime":"1/60","FocalLength":"35/1","Model":"Canon EOS 700D","Orientation":1,"ISOSpeedRatings":800}}},"IMG_0593.JPG":{"basename":"IMG_0593.JPG","ext":"jpg","fileperms":"0644","filetype":"file","filesize":5391709,"is_readable":true,"is_writeable":false,"is_link":false,"is_dir":false,"mtime":1703649667,"path":"photo/1407-宜宾竹海/IMG_0593.JPG","url_path":false,"mime":"image/jpeg","icon":"image","image":{"width":3456,"height":2304,"type":2,"bits":8,"channels":3,"mime":"image/jpeg","exif":{"ApertureFNumber":"f/4.0","DateTimeOriginal":"2013:09:06 09:35:06","ExposureTime":"1/40","FocalLength":"27/1","Model":"Canon EOS 700D","Orientation":1,"ISOSpeedRatings":640}}},"IMG_0613.JPG":{"basename":"IMG_0613.JPG","ext":"jpg","fileperms":"0644","filetype":"file","filesize":2510181,"is_readable":true,"is_writeable":false,"is_link":false,"is_dir":false,"mtime":1703649668,"path":"photo/1407-宜宾竹海/IMG_0613.JPG","url_path":false,"mime":"image/jpeg","icon":"image","image":{"width":3456,"height":2304,"type":2,"bits":8,"channels":3,"mime":"image/jpeg","exif":{"ApertureFNumber":"f/6.3","DateTimeOriginal":"2013:09:06 09:58:31","ExposureTime":"1/80","FocalLength":"24/1","Model":"Canon EOS 700D","Orientation":1,"ISOSpeedRatings":100}}},"IMG_0629.JPG":{"basename":"IMG_0629.JPG","ext":"jpg","fileperms":"0644","filetype":"file","filesize":2056132,"is_readable":true,"is_writeable":false,"is_link":false,"is_dir":false,"mtime":1703649668,"path":"photo/1407-宜宾竹海/IMG_0629.JPG","url_path":false,"mime":"image/jpeg","icon":"image","image":{"width":3456,"height":2304,"type":2,"bits":8,"channels":3,"mime":"image/jpeg","exif":{"ApertureFNumber":"f/6.3","DateTimeOriginal":"2013:09:06 10:09:39","ExposureTime":"1/200","FocalLength":"29/1","Model":"Canon EOS 700D","Orientation":1,"ISOSpeedRatings":100}}},"IMG_0636.JPG":{"basename":"IMG_0636.JPG","ext":"jpg","fileperms":"0644","filetype":"file","filesize":3909182,"is_readable":true,"is_writeable":false,"is_link":false,"is_dir":false,"mtime":1703649669,"path":"photo/1407-宜宾竹海/IMG_0636.JPG","url_path":false,"mime":"image/jpeg","icon":"image","image":{"width":3456,"height":2304,"type":2,"bits":8,"channels":3,"mime":"image/jpeg","exif":{"ApertureFNumber":"f/4.5","DateTimeOriginal":"2013:09:06 10:26:38","ExposureTime":"1/60","FocalLength":"35/1","Model":"Canon EOS 700D","Orientation":1,"ISOSpeedRatings":100}}},"IMG_0641.JPG":{"basename":"IMG_0641.JPG","ext":"jpg","fileperms":"0644","filetype":"file","filesize":3260635,"is_readable":true,"is_writeable":false,"is_link":false,"is_dir":false,"mtime":1703649669,"path":"photo/1407-宜宾竹海/IMG_0641.JPG","url_path":false,"mime":"image/jpeg","icon":"image","image":{"width":3456,"height":2304,"type":2,"bits":8,"channels":3,"mime":"image/jpeg","exif":{"ApertureFNumber":"f/4.0","DateTimeOriginal":"2013:09:06 10:35:30","ExposureTime":"1/40","FocalLength":"24/1","Model":"Canon EOS 700D","Orientation":1,"ISOSpeedRatings":100}}},"IMG_0654.JPG":{"basename":"IMG_0654.JPG","ext":"jpg","fileperms":"0644","filetype":"file","filesize":2758461,"is_readable":true,"is_writeable":false,"is_link":false,"is_dir":false,"mtime":1703649670,"path":"photo/1407-宜宾竹海/IMG_0654.JPG","url_path":false,"mime":"image/jpeg","icon":"image","image":{"width":2304,"height":3456,"type":2,"bits":8,"channels":3,"mime":"image/jpeg","exif":{"ApertureFNumber":"f/5.0","DateTimeOriginal":"2013:09:06 10:54:55","ExposureTime":"1/60","FocalLength":"50/1","Model":"Canon EOS 700D","Orientation":1,"ISOSpeedRatings":100}}},"IMG_0674.JPG":{"basename":"IMG_0674.JPG","ext":"jpg","fileperms":"0644","filetype":"file","filesize":3972322,"is_readable":true,"is_writeable":false,"is_link":false,"is_dir":false,"mtime":1703649671,"path":"photo/1407-宜宾竹海/IMG_0674.JPG","url_path":false,"mime":"image/jpeg","icon":"image","image":{"width":3456,"height":2304,"type":2,"bits":8,"channels":3,"mime":"image/jpeg","exif":{"ApertureFNumber":"f/8.0","DateTimeOriginal":"2013:09:06 13:32:19","ExposureTime":"1/250","FocalLength":"42/1","Model":"Canon EOS 700D","Orientation":1,"ISOSpeedRatings":100}}},"IMG_0675.JPG":{"basename":"IMG_0675.JPG","ext":"jpg","fileperms":"0644","filetype":"file","filesize":3836193,"is_readable":true,"is_writeable":false,"is_link":false,"is_dir":false,"mtime":1703649661,"path":"photo/1407-宜宾竹海/IMG_0675.JPG","url_path":false,"mime":"image/jpeg","icon":"image","image":{"width":2304,"height":3456,"type":2,"bits":8,"channels":3,"mime":"image/jpeg","exif":{"ApertureFNumber":"f/9.0","DateTimeOriginal":"2013:09:06 13:32:39","ExposureTime":"1/250","FocalLength":"50/1","Model":"Canon EOS 700D","Orientation":1,"ISOSpeedRatings":100}}},"IMG_0683.JPG":{"basename":"IMG_0683.JPG","ext":"jpg","fileperms":"0644","filetype":"file","filesize":2280271,"is_readable":true,"is_writeable":false,"is_link":false,"is_dir":false,"mtime":1703649661,"path":"photo/1407-宜宾竹海/IMG_0683.JPG","url_path":false,"mime":"image/jpeg","icon":"image","image":{"width":3456,"height":2304,"type":2,"bits":8,"channels":3,"mime":"image/jpeg","exif":{"ApertureFNumber":"f/11.0","DateTimeOriginal":"2013:09:06 13:38:05","ExposureTime":"1/200","FocalLength":"35/1","Model":"Canon EOS 700D","Orientation":1,"ISOSpeedRatings":100}}},"IMG_0684.JPG":{"basename":"IMG_0684.JPG","ext":"jpg","fileperms":"0644","filetype":"file","filesize":2205486,"is_readable":true,"is_writeable":false,"is_link":false,"is_dir":false,"mtime":1703649661,"path":"photo/1407-宜宾竹海/IMG_0684.JPG","url_path":false,"mime":"image/jpeg","icon":"image","image":{"width":2304,"height":3456,"type":2,"bits":8,"channels":3,"mime":"image/jpeg","exif":{"ApertureFNumber":"f/13.0","DateTimeOriginal":"2013:09:06 13:38:22","ExposureTime":"1/200","FocalLength":"35/1","Model":"Canon EOS 700D","Orientation":1,"ISOSpeedRatings":100}}},"IMG_0690.JPG":{"basename":"IMG_0690.JPG","ext":"jpg","fileperms":"0644","filetype":"file","filesize":1950821,"is_readable":true,"is_writeable":false,"is_link":false,"is_dir":false,"mtime":1703649662,"path":"photo/1407-宜宾竹海/IMG_0690.JPG","url_path":false,"mime":"image/jpeg","icon":"image","image":{"width":3456,"height":2304,"type":2,"bits":8,"channels":3,"mime":"image/jpeg","exif":{"ApertureFNumber":"f/9.0","DateTimeOriginal":"2013:09:06 13:47:53","ExposureTime":"1/320","FocalLength":"42/1","Model":"Canon EOS 700D","Orientation":1,"ISOSpeedRatings":100}}}}}