{"basename":"M","fileperms":"0777","filetype":"dir","is_readable":true,"is_writeable":true,"is_link":false,"is_dir":true,"mime":"directory","mtime":1722438979,"path":"","files_count":8,"dirsize":81348326,"images_count":0,"url_path":false,"files":{".recycle":{"basename":".recycle","ext":"","fileperms":"0755","filetype":"dir","filesize":0,"is_readable":true,"is_writeable":true,"is_link":false,"is_dir":true,"mtime":1718087963,"path":".recycle","url_path":false,"mime":"directory"},".Recycle_bin":{"basename":".Recycle_bin","ext":"","fileperms":"0600","filetype":"dir","filesize":0,"is_readable":false,"is_writeable":false,"is_link":false,"is_dir":true,"mtime":1703235019,"path":".Recycle_bin","url_path":false,"mime":"directory"},"backups":{"basename":"backups","ext":"","fileperms":"0777","filetype":"dir","filesize":0,"is_readable":true,"is_writeable":true,"is_link":false,"is_dir":true,"mtime":1721056373,"path":"backups","url_path":false,"mime":"directory"},"bililive":{"basename":"bililive","ext":"","fileperms":"0775","filetype":"dir","filesize":0,"is_readable":true,"is_writeable":true,"is_link":false,"is_dir":true,"mtime":1721206050,"path":"bililive","url_path":false,"mime":"directory"},"docker":{"basename":"docker","ext":"","fileperms":"0775","filetype":"dir","filesize":0,"is_readable":true,"is_writeable":true,"is_link":false,"is_dir":true,"mtime":1717494084,"path":"docker","url_path":false,"mime":"directory"},"docsys":{"basename":"docsys","ext":"","fileperms":"0755","filetype":"dir","filesize":0,"is_readable":true,"is_writeable":false,"is_link":false,"is_dir":true,"mtime":1685966648,"path":"docsys","url_path":false,"mime":"directory"},"DocSysReposes":{"basename":"DocSysReposes","ext":"","fileperms":"0775","filetype":"dir","filesize":0,"is_readable":true,"is_writeable":true,"is_link":false,"is_dir":true,"mtime":1715660214,"path":"DocSysReposes","url_path":false,"mime":"directory"},"games":{"basename":"games","ext":"","fileperms":"0755","filetype":"dir","filesize":0,"is_readable":true,"is_writeable":true,"is_link":false,"is_dir":true,"mtime":1706580094,"path":"games","url_path":false,"mime":"directory"},"kodbox":{"basename":"kodbox","ext":"","fileperms":"0755","filetype":"dir","filesize":0,"is_readable":true,"is_writeable":true,"is_link":false,"is_dir":true,"mtime":1720655582,"path":"kodbox","url_path":false,"mime":"directory"},"lost+found":{"basename":"lost+found","ext":"","fileperms":"0700","filetype":"dir","filesize":0,"is_readable":false,"is_writeable":false,"is_link":false,"is_dir":true,"mtime":1703161490,"path":"lost+found","url_path":false,"mime":"directory"},"music":{"basename":"music","ext":"","fileperms":"0775","filetype":"dir","filesize":0,"is_readable":true,"is_writeable":true,"is_link":false,"is_dir":true,"mtime":1718087530,"path":"music","url_path":false,"mime":"directory"},"mydoc":{"basename":"mydoc","ext":"","fileperms":"0777","filetype":"dir","filesize":0,"is_readable":true,"is_writeable":true,"is_link":false,"is_dir":true,"mtime":1716795224,"path":"mydoc","url_path":false,"mime":"directory"},"photo":{"basename":"photo","ext":"","fileperms":"0777","filetype":"dir","filesize":0,"is_readable":true,"is_writeable":true,"is_link":false,"is_dir":true,"mtime":1719896663,"path":"photo","url_path":false,"mime":"directory"},"1.txt":{"basename":"1.txt","ext":"txt","fileperms":"0644","filetype":"file","filesize":200,"is_readable":true,"is_writeable":false,"is_link":false,"is_dir":false,"mtime":1714987975,"path":"1.txt","url_path":false,"mime":null},"authy-export-linux-amd64":{"basename":"authy-export-linux-amd64","ext":"","fileperms":"0755","filetype":"file","filesize":4968448,"is_readable":true,"is_writeable":true,"is_link":false,"is_dir":false,"mtime":1718983244,"path":"authy-export-linux-amd64","url_path":false,"mime":"application/x-executable"},"file.txt":{"basename":"file.txt","ext":"txt","fileperms":"0644","filetype":"file","filesize":0,"is_readable":true,"is_writeable":true,"is_link":false,"is_dir":false,"mtime":1722438979,"path":"file.txt","url_path":false,"mime":null},"lv_0_20240516101602.mp4":{"basename":"lv_0_20240516101602.mp4","ext":"mp4","fileperms":"0644","filetype":"file","filesize":76248675,"is_readable":true,"is_writeable":false,"is_link":false,"is_dir":false,"mtime":1715825959,"path":"lv_0_20240516101602.mp4","url_path":false,"mime":null},"tlbbdb.sql":{"basename":"tlbbdb.sql","ext":"sql","fileperms":"0755","filetype":"file","filesize":125894,"is_readable":true,"is_writeable":true,"is_link":false,"is_dir":false,"mtime":1525669042,"path":"tlbbdb.sql","url_path":false,"mime":null},"web.sql":{"basename":"web.sql","ext":"sql","fileperms":"0755","filetype":"file","filesize":2234,"is_readable":true,"is_writeable":true,"is_link":false,"is_dir":false,"mtime":1525669002,"path":"web.sql","url_path":false,"mime":null},"xh.qqai.ren.cert.pem":{"basename":"xh.qqai.ren.cert.pem","ext":"pem","fileperms":"0755","filetype":"file","filesize":2648,"is_readable":true,"is_writeable":true,"is_link":false,"is_dir":false,"mtime":1718980593,"path":"xh.qqai.ren.cert.pem","url_path":false,"mime":null},"xh.qqai.ren.privkey.pem":{"basename":"xh.qqai.ren.privkey.pem","ext":"pem","fileperms":"0755","filetype":"file","filesize":227,"is_readable":true,"is_writeable":true,"is_link":false,"is_dir":false,"mtime":1718980593,"path":"xh.qqai.ren.privkey.pem","url_path":false,"mime":null}}}