{"basename":"photo","fileperms":"0777","filetype":"dir","is_readable":true,"is_writeable":true,"is_link":false,"is_dir":true,"mime":"directory","mtime":1719896663,"path":"photo","files_count":14,"dirsize":142936352,"images_count":9,"url_path":false,"files":{"003婚纱照":{"basename":"003婚纱照","ext":"","fileperms":"0755","filetype":"dir","filesize":0,"is_readable":true,"is_writeable":false,"is_link":false,"is_dir":true,"mtime":1703640382,"path":"photo/003婚纱照","url_path":false,"mime":"directory"},"0903北京展销会":{"basename":"0903北京展销会","ext":"","fileperms":"0755","filetype":"dir","filesize":0,"is_readable":true,"is_writeable":false,"is_link":false,"is_dir":true,"mtime":1703649628,"path":"photo/0903北京展销会","url_path":false,"mime":"directory"},"1407-宜宾竹海":{"basename":"1407-宜宾竹海","ext":"","fileperms":"0755","filetype":"dir","filesize":0,"is_readable":true,"is_writeable":false,"is_link":false,"is_dir":true,"mtime":1703649670,"path":"photo/1407-宜宾竹海","url_path":false,"mime":"directory"},"1509-云南腾冲":{"basename":"1509-云南腾冲","ext":"","fileperms":"0755","filetype":"dir","filesize":0,"is_readable":true,"is_writeable":false,"is_link":false,"is_dir":true,"mtime":1703649752,"path":"photo/1509-云南腾冲","url_path":false,"mime":"directory"},"1511-北京培训":{"basename":"1511-北京培训","ext":"","fileperms":"0755","filetype":"dir","filesize":0,"is_readable":true,"is_writeable":false,"is_link":false,"is_dir":true,"mtime":1703649999,"path":"photo/1511-北京培训","url_path":false,"mime":"directory"},"1610湖南株洲":{"basename":"1610湖南株洲","ext":"","fileperms":"0755","filetype":"dir","filesize":0,"is_readable":true,"is_writeable":false,"is_link":false,"is_dir":true,"mtime":1703650094,"path":"photo/1610湖南株洲","url_path":false,"mime":"directory"},"1612雁秋上海学习":{"basename":"1612雁秋上海学习","ext":"","fileperms":"0755","filetype":"dir","filesize":0,"is_readable":true,"is_writeable":false,"is_link":false,"is_dir":true,"mtime":1703649216,"path":"photo/1612雁秋上海学习","url_path":false,"mime":"directory"},"2016年长沙橘子洲头":{"basename":"2016年长沙橘子洲头","ext":"","fileperms":"0777","filetype":"dir","filesize":0,"is_readable":true,"is_writeable":true,"is_link":false,"is_dir":true,"mtime":1660405662,"path":"photo/2016年长沙橘子洲头","url_path":false,"mime":"directory"},"2018延安培训":{"basename":"2018延安培训","ext":"","fileperms":"0755","filetype":"dir","filesize":0,"is_readable":true,"is_writeable":false,"is_link":false,"is_dir":true,"mtime":1715590398,"path":"photo/2018延安培训","url_path":false,"mime":"directory"},"2023":{"basename":"2023","ext":"","fileperms":"0775","filetype":"dir","filesize":0,"is_readable":true,"is_writeable":false,"is_link":false,"is_dir":true,"mtime":1703606647,"path":"photo/2023","url_path":false,"mime":"directory"},"2023中青班学习":{"basename":"2023中青班学习","ext":"","fileperms":"0755","filetype":"dir","filesize":0,"is_readable":true,"is_writeable":false,"is_link":false,"is_dir":true,"mtime":1703648775,"path":"photo/2023中青班学习","url_path":false,"mime":"directory"},"2023日历相册":{"basename":"2023日历相册","ext":"","fileperms":"0777","filetype":"dir","filesize":0,"is_readable":true,"is_writeable":true,"is_link":false,"is_dir":true,"mtime":1671885843,"path":"photo/2023日历相册","url_path":false,"mime":"directory"},"201610湖南韶山":{"basename":"201610湖南韶山","ext":"","fileperms":"0755","filetype":"dir","filesize":0,"is_readable":true,"is_writeable":false,"is_link":false,"is_dir":true,"mtime":1715587115,"path":"photo/201610湖南韶山","url_path":false,"mime":"directory"},"220720在永善桧溪":{"basename":"220720在永善桧溪","ext":"","fileperms":"0777","filetype":"dir","filesize":0,"is_readable":true,"is_writeable":true,"is_link":false,"is_dir":true,"mtime":1660570199,"path":"photo/220720在永善桧溪","url_path":false,"mime":"directory"},"220801苏家院":{"basename":"220801苏家院","ext":"","fileperms":"0777","filetype":"dir","filesize":0,"is_readable":true,"is_writeable":true,"is_link":false,"is_dir":true,"mtime":1660392515,"path":"photo/220801苏家院","url_path":false,"mime":"directory"},"220807蒋家山游乐园":{"basename":"220807蒋家山游乐园","ext":"","fileperms":"0777","filetype":"dir","filesize":0,"is_readable":true,"is_writeable":true,"is_link":false,"is_dir":true,"mtime":1661055688,"path":"photo/220807蒋家山游乐园","url_path":false,"mime":"directory"},"220903户外露营":{"basename":"220903户外露营","ext":"","fileperms":"0777","filetype":"dir","filesize":0,"is_readable":true,"is_writeable":true,"is_link":false,"is_dir":true,"mtime":1663121975,"path":"photo/220903户外露营","url_path":false,"mime":"directory"},"230812西安行":{"basename":"230812西安行","ext":"","fileperms":"0777","filetype":"dir","filesize":0,"is_readable":true,"is_writeable":true,"is_link":false,"is_dir":true,"mtime":1703643882,"path":"photo/230812西安行","url_path":false,"mime":"directory"},"231001中秋国庆桂林行":{"basename":"231001中秋国庆桂林行","ext":"","fileperms":"0777","filetype":"dir","filesize":0,"is_readable":true,"is_writeable":true,"is_link":false,"is_dir":true,"mtime":1703642918,"path":"photo/231001中秋国庆桂林行","url_path":false,"mime":"directory"},"240212西昌行":{"basename":"240212西昌行","ext":"","fileperms":"0755","filetype":"dir","filesize":0,"is_readable":true,"is_writeable":false,"is_link":false,"is_dir":true,"mtime":1715567666,"path":"photo/240212西昌行","url_path":false,"mime":"directory"},"bak":{"basename":"bak","ext":"","fileperms":"0777","filetype":"dir","filesize":0,"is_readable":true,"is_writeable":true,"is_link":false,"is_dir":true,"mtime":1669394102,"path":"photo/bak","url_path":false,"mime":"directory"},"upload":{"basename":"upload","ext":"","fileperms":"0755","filetype":"dir","filesize":0,"is_readable":true,"is_writeable":false,"is_link":false,"is_dir":true,"mtime":1719896435,"path":"photo/upload","url_path":false,"mime":"directory"},"三个宝贝":{"basename":"三个宝贝","ext":"","fileperms":"0777","filetype":"dir","filesize":0,"is_readable":true,"is_writeable":true,"is_link":false,"is_dir":true,"mtime":1660653698,"path":"photo/三个宝贝","url_path":false,"mime":"directory"},"兄弟成长史":{"basename":"兄弟成长史","ext":"","fileperms":"0777","filetype":"dir","filesize":0,"is_readable":true,"is_writeable":true,"is_link":false,"is_dir":true,"mtime":1713150388,"path":"photo/兄弟成长史","url_path":false,"mime":"directory"},"壁纸-设计":{"basename":"壁纸-设计","ext":"","fileperms":"0777","filetype":"dir","filesize":0,"is_readable":true,"is_writeable":true,"is_link":false,"is_dir":true,"mtime":1660039920,"path":"photo/壁纸-设计","url_path":false,"mime":"directory"},"大理巍山":{"basename":"大理巍山","ext":"","fileperms":"0777","filetype":"dir","filesize":0,"is_readable":true,"is_writeable":true,"is_link":false,"is_dir":true,"mtime":1660571425,"path":"photo/大理巍山","url_path":false,"mime":"directory"},"家庭视频":{"basename":"家庭视频","ext":"","fileperms":"0777","filetype":"dir","filesize":0,"is_readable":true,"is_writeable":true,"is_link":false,"is_dir":true,"mtime":1661433337,"path":"photo/家庭视频","url_path":false,"mime":"directory"},"工作照片":{"basename":"工作照片","ext":"","fileperms":"0777","filetype":"dir","filesize":0,"is_readable":true,"is_writeable":true,"is_link":false,"is_dir":true,"mtime":1667027783,"path":"photo/工作照片","url_path":false,"mime":"directory"},"春节大山包":{"basename":"春节大山包","ext":"","fileperms":"0777","filetype":"dir","filesize":0,"is_readable":true,"is_writeable":true,"is_link":false,"is_dir":true,"mtime":1675126990,"path":"photo/春节大山包","url_path":false,"mime":"directory"},"焓焓出入校":{"basename":"焓焓出入校","ext":"","fileperms":"0777","filetype":"dir","filesize":0,"is_readable":true,"is_writeable":true,"is_link":false,"is_dir":true,"mtime":1703659977,"path":"photo/焓焓出入校","url_path":false,"mime":"directory"},"焓焓和他的小伙伴们":{"basename":"焓焓和他的小伙伴们","ext":"","fileperms":"0777","filetype":"dir","filesize":0,"is_readable":true,"is_writeable":true,"is_link":false,"is_dir":true,"mtime":1716798391,"path":"photo/焓焓和他的小伙伴们","url_path":false,"mime":"directory"},"焓焓的绘画作品":{"basename":"焓焓的绘画作品","ext":"","fileperms":"0777","filetype":"dir","filesize":0,"is_readable":true,"is_writeable":true,"is_link":false,"is_dir":true,"mtime":1694957595,"path":"photo/焓焓的绘画作品","url_path":false,"mime":"directory"},"粼粼学画画":{"basename":"粼粼学画画","ext":"","fileperms":"0777","filetype":"dir","filesize":0,"is_readable":true,"is_writeable":true,"is_link":false,"is_dir":true,"mtime":1721736328,"path":"photo/粼粼学画画","url_path":false,"mime":"directory"},"粼粼幼儿园视频":{"basename":"粼粼幼儿园视频","ext":"","fileperms":"0777","filetype":"dir","filesize":0,"is_readable":true,"is_writeable":true,"is_link":false,"is_dir":true,"mtime":1715408984,"path":"photo/粼粼幼儿园视频","url_path":false,"mime":"directory"},"长鸿故事":{"basename":"长鸿故事","ext":"","fileperms":"0755","filetype":"dir","filesize":0,"is_readable":true,"is_writeable":false,"is_link":false,"is_dir":true,"mtime":1703648826,"path":"photo/长鸿故事","url_path":false,"mime":"directory"},"长鸿自明":{"basename":"长鸿自明","ext":"","fileperms":"0755","filetype":"dir","filesize":0,"is_readable":true,"is_writeable":false,"is_link":false,"is_dir":true,"mtime":1703648812,"path":"photo/长鸿自明","url_path":false,"mime":"directory"},".MT_UPLOAD_FOLDER":{"basename":".MT_UPLOAD_FOLDER","ext":"mt_upload_folder","fileperms":"0666","filetype":"file","filesize":50,"is_readable":true,"is_writeable":true,"is_link":false,"is_dir":false,"mtime":1719896663,"path":"photo/.MT_UPLOAD_FOLDER","url_path":false,"mime":null},"01":{"basename":"01","ext":"","fileperms":"0777","filetype":"file","filesize":193311,"is_readable":true,"is_writeable":true,"is_link":false,"is_dir":false,"mtime":1671885858,"path":"photo/01","url_path":false,"mime":"image/jpeg","icon":"image","image":{"width":1100,"height":1375,"type":2,"bits":8,"channels":3,"mime":"image/jpeg"}},"203604szurr69jr6w43a7y.png.crdownload":{"basename":"203604szurr69jr6w43a7y.png.crdownload","ext":"crdownload","fileperms":"0777","filetype":"file","filesize":640991,"is_readable":true,"is_writeable":true,"is_link":false,"is_dir":false,"mtime":1678027866,"path":"photo/203604szurr69jr6w43a7y.png.crdownload","url_path":false,"mime":null},"1660720411671.jpg":{"basename":"1660720411671.jpg","ext":"jpg","fileperms":"0777","filetype":"file","filesize":2232651,"is_readable":true,"is_writeable":true,"is_link":false,"is_dir":false,"mtime":1660720432,"path":"photo/1660720411671.jpg","url_path":false,"mime":"image/jpeg","icon":"image","image":{"width":3968,"height":2232,"type":2,"bits":8,"channels":3,"mime":"image/jpeg","exif":{"DateTimeOriginal":"2022:08:17 12:06:03","ExposureTime":"10000/10000","FocalLength":"0/1","Model":"--","Orientation":1}}},"1660720411679.jpg":{"basename":"1660720411679.jpg","ext":"jpg","fileperms":"0777","filetype":"file","filesize":2312418,"is_readable":true,"is_writeable":true,"is_link":false,"is_dir":false,"mtime":1660720433,"path":"photo/1660720411679.jpg","url_path":false,"mime":"image/jpeg","icon":"image","image":{"width":3968,"height":2232,"type":2,"bits":8,"channels":3,"mime":"image/jpeg","exif":{"DateTimeOriginal":"2022:08:17 12:06:01","ExposureTime":"10000/10000","FocalLength":"0/1","Model":"--","Orientation":1}}},"IMG_7927.JPG":{"basename":"IMG_7927.JPG","ext":"jpg","fileperms":"0644","filetype":"file","filesize":2516311,"is_readable":true,"is_writeable":false,"is_link":false,"is_dir":false,"mtime":1715589000,"path":"photo/IMG_7927.JPG","url_path":false,"mime":"image/jpeg","icon":"image","image":{"width":3456,"height":2304,"type":2,"bits":8,"channels":3,"mime":"image/jpeg","exif":{"ApertureFNumber":"f/3.5","DateTimeOriginal":"2018:04:13 20:16:50","ExposureTime":"1/125","FocalLength":"18/1","Model":"Canon EOS 700D","Orientation":1,"ISOSpeedRatings":200}}},"IMG_20220816_182723.jpg":{"basename":"IMG_20220816_182723.jpg","ext":"jpg","fileperms":"0777","filetype":"file","filesize":2238634,"is_readable":true,"is_writeable":true,"is_link":false,"is_dir":false,"mtime":1661533870,"path":"photo/IMG_20220816_182723.jpg","url_path":false,"mime":"image/jpeg","icon":"image","image":{"width":3968,"height":2232,"type":2,"bits":8,"channels":3,"mime":"image/jpeg","exif":{"ApertureFNumber":"f/1.8","DateTimeOriginal":"2022:08:16 18:27:23","ExposureTime":"300149/10000000","FocalLength":"4710/1000","Model":"22041211AC","ISOSpeedRatings":1185,"gps":[27.355150000000002,103.74635555555555]}}},"mmexport1660323532823.jpg":{"basename":"mmexport1660323532823.jpg","ext":"jpg","fileperms":"0777","filetype":"file","filesize":163399,"is_readable":true,"is_writeable":true,"is_link":false,"is_dir":false,"mtime":1660323685,"path":"photo/mmexport1660323532823.jpg","url_path":false,"mime":"image/jpeg","icon":"image","image":{"width":1280,"height":1706,"type":2,"bits":8,"channels":3,"mime":"image/jpeg"}},"mmexport1660323534330.jpg":{"basename":"mmexport1660323534330.jpg","ext":"jpg","fileperms":"0777","filetype":"file","filesize":289661,"is_readable":true,"is_writeable":true,"is_link":false,"is_dir":false,"mtime":1660323685,"path":"photo/mmexport1660323534330.jpg","url_path":false,"mime":"image/jpeg","icon":"image","image":{"width":1280,"height":1706,"type":2,"bits":8,"channels":3,"mime":"image/jpeg"}},"mmexport1709388125345.mp4":{"basename":"mmexport1709388125345.mp4","ext":"mp4","fileperms":"0644","filetype":"file","filesize":429278,"is_readable":true,"is_writeable":false,"is_link":false,"is_dir":false,"mtime":1714821365,"path":"photo/mmexport1709388125345.mp4","url_path":false,"mime":null},"粼粼在田间.jpg":{"basename":"粼粼在田间.jpg","ext":"jpg","fileperms":"0777","filetype":"file","filesize":278324,"is_readable":true,"is_writeable":true,"is_link":false,"is_dir":false,"mtime":1660323685,"path":"photo/粼粼在田间.jpg","url_path":false,"mime":"image/jpeg","icon":"image","image":{"width":1280,"height":1706,"type":2,"bits":8,"channels":3,"mime":"image/jpeg"}},"许君焓小学毕业照.jpg":{"basename":"许君焓小学毕业照.jpg","ext":"jpg","fileperms":"0644","filetype":"file","filesize":18128739,"is_readable":true,"is_writeable":false,"is_link":false,"is_dir":false,"mtime":1719819718,"path":"photo/许君焓小学毕业照.jpg","url_path":false,"mime":"image/jpeg","icon":"image","image":{"width":6356,"height":4237,"type":2,"bits":8,"channels":3,"mime":"image/jpeg","iptc":{"copyright":"PHTOTKK"},"exif":{"ApertureFNumber":"f/10.0","DateTimeOriginal":"2024:06:25 15:07:26","ExposureTime":"1/100","FocalLength":"41/1","Orientation":1,"ISOSpeedRatings":500}}},"那个骑电动车的美女.mp4":{"basename":"那个骑电动车的美女.mp4","ext":"mp4","fileperms":"0777","filetype":"file","filesize":63645326,"is_readable":true,"is_writeable":true,"is_link":false,"is_dir":false,"mtime":1661769849,"path":"photo/那个骑电动车的美女.mp4","url_path":false,"mime":null},"那个骑电动车的美女2.mp4":{"basename":"那个骑电动车的美女2.mp4","ext":"mp4","fileperms":"0777","filetype":"file","filesize":49867259,"is_readable":true,"is_writeable":true,"is_link":false,"is_dir":false,"mtime":1661769940,"path":"photo/那个骑电动车的美女2.mp4","url_path":false,"mime":null}}}