{"basename":"壁纸-设计","fileperms":"0777","filetype":"dir","is_readable":true,"is_writeable":true,"is_link":false,"is_dir":true,"mime":"directory","mtime":1660039920,"path":"photo/壁纸-设计","files_count":10,"dirsize":28048752,"images_count":10,"url_path":false,"files":{"001.jpg":{"basename":"001.jpg","ext":"jpg","fileperms":"0777","filetype":"file","filesize":447281,"is_readable":true,"is_writeable":true,"is_link":false,"is_dir":false,"mtime":1660039917,"path":"photo/壁纸-设计/001.jpg","url_path":false,"mime":"image/jpeg","icon":"image","image":{"width":1080,"height":2340,"type":2,"bits":8,"channels":3,"mime":"image/jpeg"}},"miui-几何壁纸-照片.jpg":{"basename":"miui-几何壁纸-照片.jpg","ext":"jpg","fileperms":"0777","filetype":"file","filesize":885758,"is_readable":true,"is_writeable":true,"is_link":false,"is_dir":false,"mtime":1660039917,"path":"photo/壁纸-设计/miui-几何壁纸-照片.jpg","url_path":false,"mime":"image/jpeg","icon":"image","image":{"width":1080,"height":2340,"type":2,"bits":8,"channels":3,"mime":"image/jpeg","exif":{"Orientation":1}}},"miui-几何壁纸-照片.psd":{"basename":"miui-几何壁纸-照片.psd","ext":"psd","fileperms":"0777","filetype":"file","filesize":24556743,"is_readable":true,"is_writeable":true,"is_link":false,"is_dir":false,"mtime":1660039919,"path":"photo/壁纸-设计/miui-几何壁纸-照片.psd","url_path":false,"mime":"image/psd","icon":"image","image":{"width":1080,"height":2340,"type":5,"mime":"image/psd"}},"miui-壁纸.jpg":{"basename":"miui-壁纸.jpg","ext":"jpg","fileperms":"0777","filetype":"file","filesize":904111,"is_readable":true,"is_writeable":true,"is_link":false,"is_dir":false,"mtime":1660039919,"path":"photo/壁纸-设计/miui-壁纸.jpg","url_path":false,"mime":"image/jpeg","icon":"image","image":{"width":1080,"height":2340,"type":2,"bits":8,"channels":3,"mime":"image/jpeg","exif":{"Orientation":1}}},"miui.jpg":{"basename":"miui.jpg","ext":"jpg","fileperms":"0777","filetype":"file","filesize":272261,"is_readable":true,"is_writeable":true,"is_link":false,"is_dir":false,"mtime":1660039920,"path":"photo/壁纸-设计/miui.jpg","url_path":false,"mime":"image/jpeg","icon":"image","image":{"width":1080,"height":2340,"type":2,"bits":8,"channels":3,"mime":"image/jpeg"}},"miui2.jpg":{"basename":"miui2.jpg","ext":"jpg","fileperms":"0777","filetype":"file","filesize":701267,"is_readable":true,"is_writeable":true,"is_link":false,"is_dir":false,"mtime":1660039920,"path":"photo/壁纸-设计/miui2.jpg","url_path":false,"mime":"image/jpeg","icon":"image","image":{"width":1080,"height":2340,"type":2,"bits":8,"channels":3,"mime":"image/jpeg","exif":{"Orientation":1}}},"psc (1).jpeg":{"basename":"psc (1).jpeg","ext":"jpeg","fileperms":"0777","filetype":"file","filesize":79899,"is_readable":true,"is_writeable":true,"is_link":false,"is_dir":false,"mtime":1660039920,"path":"photo/壁纸-设计/psc (1).jpeg","url_path":false,"mime":"image/jpeg","icon":"image","image":{"width":531,"height":800,"type":2,"bits":8,"channels":3,"mime":"image/jpeg"}},"psc (2).jpeg":{"basename":"psc (2).jpeg","ext":"jpeg","fileperms":"0777","filetype":"file","filesize":52671,"is_readable":true,"is_writeable":true,"is_link":false,"is_dir":false,"mtime":1660039920,"path":"photo/壁纸-设计/psc (2).jpeg","url_path":false,"mime":"image/jpeg","icon":"image","image":{"width":670,"height":445,"type":2,"bits":8,"channels":3,"mime":"image/jpeg"}},"psc (3).jpeg":{"basename":"psc (3).jpeg","ext":"jpeg","fileperms":"0777","filetype":"file","filesize":83247,"is_readable":true,"is_writeable":true,"is_link":false,"is_dir":false,"mtime":1660039920,"path":"photo/壁纸-设计/psc (3).jpeg","url_path":false,"mime":"image/jpeg","icon":"image","image":{"width":531,"height":800,"type":2,"bits":8,"channels":3,"mime":"image/jpeg"}},"psc.jpeg":{"basename":"psc.jpeg","ext":"jpeg","fileperms":"0777","filetype":"file","filesize":65514,"is_readable":true,"is_writeable":true,"is_link":false,"is_dir":false,"mtime":1660039920,"path":"photo/壁纸-设计/psc.jpeg","url_path":false,"mime":"image/jpeg","icon":"image","image":{"width":531,"height":800,"type":2,"bits":8,"channels":3,"mime":"image/jpeg"}}}}