{"basename":"0.9.8","fileperms":"0777","filetype":"dir","is_readable":true,"is_writeable":true,"is_link":false,"is_dir":true,"mime":"directory","mtime":1722434997,"path":"","files_count":4,"dirsize":3636742,"images_count":0,"url_path":".","files":{"css":{"basename":"css","ext":"","fileperms":"0775","filetype":"dir","filesize":0,"is_readable":true,"is_writeable":true,"is_link":false,"is_dir":true,"mtime":1722434984,"path":"css","url_path":"css","mime":"directory"},"js":{"basename":"js","ext":"","fileperms":"0775","filetype":"dir","filesize":0,"is_readable":true,"is_writeable":true,"is_link":false,"is_dir":true,"mtime":1722434984,"path":"js","url_path":"js","mime":"directory"},"lang":{"basename":"lang","ext":"","fileperms":"0775","filetype":"dir","filesize":0,"is_readable":true,"is_writeable":true,"is_link":false,"is_dir":true,"mtime":1722434984,"path":"lang","url_path":"lang","mime":"directory"},"files.photo.gallery-0.9.8.tgz":{"basename":"files.photo.gallery-0.9.8.tgz","ext":"tgz","fileperms":"0664","filetype":"file","filesize":3633196,"is_readable":true,"is_writeable":true,"is_link":false,"is_dir":false,"mtime":1722434977,"path":"files.photo.gallery-0.9.8.tgz","url_path":"files.photo.gallery-0.9.8.tgz","mime":null},"LICENSE.md":{"basename":"LICENSE.md","ext":"md","fileperms":"0644","filetype":"file","filesize":1058,"is_readable":true,"is_writeable":false,"is_link":false,"is_dir":false,"mtime":499162500,"path":"LICENSE.md","url_path":"LICENSE.md","mime":null},"package.json":{"basename":"package.json","ext":"json","fileperms":"0644","filetype":"file","filesize":692,"is_readable":true,"is_writeable":false,"is_link":false,"is_dir":false,"mtime":499162500,"path":"package.json","url_path":"package.json","mime":null},"README.md":{"basename":"README.md","ext":"md","fileperms":"0755","filetype":"file","filesize":1796,"is_readable":true,"is_writeable":false,"is_link":false,"is_dir":false,"mtime":499162500,"path":"README.md","url_path":"README.md","mime":null}}}