{
	"name":	"無名の主页",
	"description":	"一个默默无闻的主页",
	"homepage":	"https://github.com/imsyy/home",
	"version":	"2.1.2",
	"update":	"2023/12/25",
	"author":	"imsyy",
	"config": {
        "HarmonyOS_Sans":0,
        "logo_img":"./templates/guide/imsyy-home/img/icon/logo.png",
        "logo_text_1":"lm21",
        "logo_text_2":".top",
        "des_title":"Hello World !",
        "des_text":"一个建立于 21 世纪的小站，存活于互联网的边缘",
        "bg_img":"2",
        "Weather":1,
        "app_id":"rkfugcrlsuxttpqd",
        "app_secret":"9HVWqmdmalGV384vFOee3DZfHR0LxmAD",
        "github":"",
        "qq":"",
        "email":"",
        "bilibili":"",
        "telegram":"",
        "link_4":"",
        "link_5":"",
        "link_6":""
    }
}