[{"basename":"css","fileperms":"0777","filetype":"dir","is_readable":true,"is_writeable":true,"is_link":false,"is_dir":true,"mime":"directory","mtime":1661324476,"path":"css","url_path":"css"},{"basename":"js","fileperms":"0777","filetype":"dir","is_readable":true,"is_writeable":true,"is_link":false,"is_dir":true,"mime":"directory","mtime":1661324476,"path":"js","url_path":"js"},{"basename":"lang","fileperms":"0777","filetype":"dir","is_readable":true,"is_writeable":true,"is_link":false,"is_dir":true,"mime":"directory","mtime":1661324476,"path":"lang","url_path":"lang"}]