{"basename":"lilly","fileperms":"0777","filetype":"dir","is_readable":true,"is_writeable":true,"is_link":false,"is_dir":true,"mime":"directory","mtime":1660215751,"path":"py/lilly","dirsize":102989,"files_count":2,"images_count":1,"preview":"lilly_ann_1.jpg","files":{"lilly_ann_1.jpg":{"basename":"lilly_ann_1.jpg","fileperms":"0777","filetype":"file","filesize":102989,"is_readable":true,"is_writeable":true,"is_link":false,"is_dir":false,"mtime":1660215751,"path":"py/lilly/lilly_ann_1.jpg","ext":"jpg","icon":"image","mime":"image/jpeg","image":{"width":718,"height":1094,"type":2,"bits":8,"channels":3,"mime":"image/jpeg"}},"lilly_ann_2.jpg":{"basename":"lilly_ann_2.jpg","fileperms":"0777","filetype":"file","filesize":0,"is_readable":true,"is_writeable":true,"is_link":false,"is_dir":false,"mtime":1660215751,"path":"py/lilly/lilly_ann_2.jpg","ext":"jpg","mime":"application/x-empty"}}}