{"basename":"py","fileperms":"0777","filetype":"dir","is_readable":true,"is_writeable":true,"is_link":false,"is_dir":true,"mime":"directory","mtime":1660215711,"path":"py","dirsize":15735,"files_count":10,"images_count":null,"preview":null,"files":{"ella":{"basename":"ella","fileperms":"0777","filetype":"dir","filesize":false,"is_readable":true,"is_writeable":true,"is_link":false,"is_dir":true,"mtime":1660215675,"path":"py/ella","mime":"directory"},"freya":{"basename":"freya","fileperms":"0777","filetype":"dir","filesize":false,"is_readable":true,"is_writeable":true,"is_link":false,"is_dir":true,"mtime":1660215137,"path":"py/freya","mime":"directory"},"lillie":{"basename":"lillie","fileperms":"0777","filetype":"dir","filesize":false,"is_readable":true,"is_writeable":true,"is_link":false,"is_dir":true,"mtime":1660215007,"path":"py/lillie","mime":"directory"},"lilly":{"basename":"lilly","fileperms":"0777","filetype":"dir","filesize":false,"is_readable":true,"is_writeable":true,"is_link":false,"is_dir":true,"mtime":1660215751,"path":"py/lilly","mime":"directory"},"01hello.py":{"basename":"01hello.py","fileperms":"0777","filetype":"file","filesize":262,"is_readable":true,"is_writeable":true,"is_link":false,"is_dir":false,"mtime":1660213608,"path":"py/01hello.py","ext":"py"},"4num.py":{"basename":"4num.py","fileperms":"0777","filetype":"file","filesize":399,"is_readable":true,"is_writeable":true,"is_link":false,"is_dir":false,"mtime":1660213612,"path":"py/4num.py","ext":"py"},"9x9.py":{"basename":"9x9.py","fileperms":"0777","filetype":"file","filesize":171,"is_readable":true,"is_writeable":true,"is_link":false,"is_dir":false,"mtime":1660213619,"path":"py/9x9.py","ext":"py"},"down_img.py":{"basename":"down_img.py","fileperms":"0777","filetype":"file","filesize":776,"is_readable":true,"is_writeable":true,"is_link":false,"is_dir":false,"mtime":1660213623,"path":"py/down_img.py","ext":"py"},"down_kindgirls.py":{"basename":"down_kindgirls.py","fileperms":"0777","filetype":"file","filesize":1501,"is_readable":true,"is_writeable":true,"is_link":false,"is_dir":false,"mtime":1660298738,"path":"py/down_kindgirls.py","ext":"py"},"get_proxy.py":{"basename":"get_proxy.py","fileperms":"0777","filetype":"file","filesize":964,"is_readable":true,"is_writeable":true,"is_link":false,"is_dir":false,"mtime":1660214086,"path":"py/get_proxy.py","ext":"py"},"get_proxy_ip.py":{"basename":"get_proxy_ip.py","fileperms":"0777","filetype":"file","filesize":2799,"is_readable":true,"is_writeable":true,"is_link":false,"is_dir":false,"mtime":1660214085,"path":"py/get_proxy_ip.py","ext":"py"},"proxy_ip.txt":{"basename":"proxy_ip.txt","fileperms":"0777","filetype":"file","filesize":0,"is_readable":true,"is_writeable":true,"is_link":false,"is_dir":false,"mtime":1660214119,"path":"py/proxy_ip.txt","ext":"txt"},"user_agents.py":{"basename":"user_agents.py","fileperms":"0777","filetype":"file","filesize":4497,"is_readable":true,"is_writeable":true,"is_link":false,"is_dir":false,"mtime":1660214856,"path":"py/user_agents.py","ext":"py"},"user_agents.txt":{"basename":"user_agents.txt","fileperms":"0777","filetype":"file","filesize":4366,"is_readable":true,"is_writeable":true,"is_link":false,"is_dir":false,"mtime":1660214897,"path":"py/user_agents.txt","ext":"txt"}}}