{"basename":"ella","fileperms":"0777","filetype":"dir","is_readable":true,"is_writeable":true,"is_link":false,"is_dir":true,"mime":"directory","mtime":1660215675,"path":"py/ella","dirsize":null,"files_count":1,"images_count":0,"preview":null,"files":{"ella_mira_29823_1.jpg":{"basename":"ella_mira_29823_1.jpg","fileperms":"0777","filetype":"file","filesize":0,"is_readable":true,"is_writeable":true,"is_link":false,"is_dir":false,"mtime":1660215675,"path":"py/ella/ella_mira_29823_1.jpg","ext":"jpg","mime":"application/x-empty"}}}