{"basename":"lillie","fileperms":"0777","filetype":"dir","is_readable":true,"is_writeable":true,"is_link":false,"is_dir":true,"mime":"directory","mtime":1660215007,"path":"py/lillie","dirsize":null,"files_count":1,"images_count":0,"preview":null,"files":{"lillie_pie_21_38884_1.jpg":{"basename":"lillie_pie_21_38884_1.jpg","fileperms":"0777","filetype":"file","filesize":0,"is_readable":true,"is_writeable":true,"is_link":false,"is_dir":false,"mtime":1660215681,"path":"py/lillie/lillie_pie_21_38884_1.jpg","ext":"jpg","mime":"application/x-empty"}}}