{"basename":"freya","fileperms":"0777","filetype":"dir","is_readable":true,"is_writeable":true,"is_link":false,"is_dir":true,"mime":"directory","mtime":1660215137,"path":"py/freya","dirsize":null,"files_count":1,"images_count":0,"preview":null,"files":{"freya_mayer_21_40005_1.jpg":{"basename":"freya_mayer_21_40005_1.jpg","fileperms":"0777","filetype":"file","filesize":0,"is_readable":true,"is_writeable":true,"is_link":false,"is_dir":false,"mtime":1660215957,"path":"py/freya/freya_mayer_21_40005_1.jpg","ext":"jpg","mime":"application/x-empty"}}}