{"basename":"qq","fileperms":"0777","filetype":"dir","is_readable":true,"is_writeable":true,"is_link":false,"is_dir":true,"mime":"directory","mtime":1661530166,"path":"","dirsize":43965832,"files_count":18,"images_count":null,"preview":null,"files":{".cache":{"basename":".cache","fileperms":"0777","filetype":"dir","filesize":false,"is_readable":true,"is_writeable":true,"is_link":false,"is_dir":true,"mtime":1660213922,"path":".cache","mime":"directory"},".config":{"basename":".config","fileperms":"0777","filetype":"dir","filesize":false,"is_readable":true,"is_writeable":true,"is_link":false,"is_dir":true,"mtime":1660567986,"path":".config","mime":"directory"},".local":{"basename":".local","fileperms":"0777","filetype":"dir","filesize":false,"is_readable":true,"is_writeable":true,"is_link":false,"is_dir":true,"mtime":1660213939,"path":".local","mime":"directory"},".npm":{"basename":".npm","fileperms":"0777","filetype":"dir","filesize":false,"is_readable":true,"is_writeable":true,"is_link":false,"is_dir":true,"mtime":1659066949,"path":".npm","mime":"directory"},".ssh":{"basename":".ssh","fileperms":"0777","filetype":"dir","filesize":false,"is_readable":true,"is_writeable":true,"is_link":false,"is_dir":true,"mtime":1661021158,"path":".ssh","mime":"directory"},"backups":{"basename":"backups","fileperms":"0777","filetype":"dir","filesize":false,"is_readable":true,"is_writeable":true,"is_link":false,"is_dir":true,"mtime":1660190865,"path":"backups","mime":"directory"},"dav":{"basename":"dav","fileperms":"0777","filetype":"dir","filesize":false,"is_readable":true,"is_writeable":true,"is_link":false,"is_dir":true,"mtime":1659006245,"path":"dav","mime":"directory"},"ffmpeg-5.1":{"basename":"ffmpeg-5.1","fileperms":"0777","filetype":"dir","filesize":false,"is_readable":true,"is_writeable":true,"is_link":false,"is_dir":true,"mtime":1660125606,"path":"ffmpeg-5.1","mime":"directory"},"hexo":{"basename":"hexo","fileperms":"0777","filetype":"dir","filesize":false,"is_readable":true,"is_writeable":true,"is_link":false,"is_dir":true,"mtime":1659073294,"path":"hexo","mime":"directory"},"py":{"basename":"py","fileperms":"0777","filetype":"dir","filesize":false,"is_readable":true,"is_writeable":true,"is_link":false,"is_dir":true,"mtime":1660215711,"path":"py","mime":"directory"},"ql":{"basename":"ql","fileperms":"0777","filetype":"dir","filesize":false,"is_readable":true,"is_writeable":true,"is_link":false,"is_dir":true,"mtime":1659022975,"path":"ql","mime":"directory"},"software":{"basename":"software","fileperms":"0777","filetype":"dir","filesize":false,"is_readable":true,"is_writeable":true,"is_link":false,"is_dir":true,"mtime":1661328586,"path":"software","mime":"directory"},"yasm-1.3.0":{"basename":"yasm-1.3.0","fileperms":"0777","filetype":"dir","filesize":false,"is_readable":true,"is_writeable":true,"is_link":false,"is_dir":true,"mtime":1660124257,"path":"yasm-1.3.0","mime":"directory"},"社科联":{"basename":"社科联","fileperms":"0777","filetype":"dir","filesize":false,"is_readable":true,"is_writeable":true,"is_link":false,"is_dir":true,"mtime":1660030808,"path":"社科联","mime":"directory"},"许勇资料":{"basename":"许勇资料","fileperms":"0777","filetype":"dir","filesize":false,"is_readable":true,"is_writeable":true,"is_link":false,"is_dir":true,"mtime":1660473766,"path":"许勇资料","mime":"directory"},"许君焓":{"basename":"许君焓","fileperms":"0777","filetype":"dir","filesize":false,"is_readable":true,"is_writeable":true,"is_link":false,"is_dir":true,"mtime":1659175913,"path":"许君焓","mime":"directory"},".bashrc":{"basename":".bashrc","fileperms":"0777","filetype":"file","filesize":3810,"is_readable":true,"is_writeable":true,"is_link":false,"is_dir":false,"mtime":1660124344,"path":".bashrc","ext":"bashrc"},".bash_history":{"basename":".bash_history","fileperms":"0600","filetype":"file","filesize":51324,"is_readable":false,"is_writeable":false,"is_link":false,"is_dir":false,"mtime":1661530166,"path":".bash_history","ext":"bash_history"},".bash_logout":{"basename":".bash_logout","fileperms":"0777","filetype":"file","filesize":220,"is_readable":true,"is_writeable":true,"is_link":false,"is_dir":false,"mtime":1641486213,"path":".bash_logout","ext":"bash_logout"},".gitconfig":{"basename":".gitconfig","fileperms":"0777","filetype":"file","filesize":50,"is_readable":true,"is_writeable":true,"is_link":false,"is_dir":false,"mtime":1659073069,"path":".gitconfig","ext":"gitconfig"},".mysql_history":{"basename":".mysql_history","fileperms":"0777","filetype":"file","filesize":133,"is_readable":true,"is_writeable":true,"is_link":false,"is_dir":false,"mtime":1660191960,"path":".mysql_history","ext":"mysql_history"},".profile":{"basename":".profile","fileperms":"0777","filetype":"file","filesize":807,"is_readable":true,"is_writeable":true,"is_link":false,"is_dir":false,"mtime":1641486213,"path":".profile","ext":"profile"},".selected_editor":{"basename":".selected_editor","fileperms":"0777","filetype":"file","filesize":75,"is_readable":true,"is_writeable":true,"is_link":false,"is_dir":false,"mtime":1659171556,"path":".selected_editor","ext":"selected_editor"},".sudo_as_admin_successful":{"basename":".sudo_as_admin_successful","fileperms":"0777","filetype":"file","filesize":0,"is_readable":true,"is_writeable":true,"is_link":false,"is_dir":false,"mtime":1658888861,"path":".sudo_as_admin_successful","ext":"sudo_as_admin_successful"},".viminfo":{"basename":".viminfo","fileperms":"0777","filetype":"file","filesize":13440,"is_readable":true,"is_writeable":true,"is_link":false,"is_dir":false,"mtime":1661429216,"path":".viminfo","ext":"viminfo"},".wget-hsts":{"basename":".wget-hsts","fileperms":"0777","filetype":"file","filesize":458,"is_readable":true,"is_writeable":true,"is_link":false,"is_dir":false,"mtime":1660326626,"path":".wget-hsts","ext":"wget-hsts"},".Xauthority":{"basename":".Xauthority","fileperms":"0600","filetype":"file","filesize":216,"is_readable":false,"is_writeable":false,"is_link":false,"is_dir":false,"mtime":1661428571,"path":".Xauthority","ext":"xauthority"},"backdb.sql":{"basename":"backdb.sql","fileperms":"0777","filetype":"file","filesize":5383812,"is_readable":true,"is_writeable":true,"is_link":false,"is_dir":false,"mtime":1659056067,"path":"backdb.sql","ext":"sql"},"box.sh":{"basename":"box.sh","fileperms":"0777","filetype":"file","filesize":16153,"is_readable":true,"is_writeable":true,"is_link":false,"is_dir":false,"mtime":1659191448,"path":"box.sh","ext":"sh"},"ffmpeg-5.1.tar.gz":{"basename":"ffmpeg-5.1.tar.gz","fileperms":"0777","filetype":"file","filesize":15070588,"is_readable":true,"is_writeable":true,"is_link":false,"is_dir":false,"mtime":1658512724,"path":"ffmpeg-5.1.tar.gz","ext":"gz"},"proxy.txt":{"basename":"proxy.txt","fileperms":"0777","filetype":"file","filesize":597,"is_readable":true,"is_writeable":true,"is_link":false,"is_dir":false,"mtime":1660004914,"path":"proxy.txt","ext":"txt"},"settings.json":{"basename":"settings.json","fileperms":"0777","filetype":"file","filesize":2389,"is_readable":true,"is_writeable":true,"is_link":false,"is_dir":false,"mtime":1659230045,"path":"settings.json","ext":"json"},"yasm-1.3.0.tar.gz":{"basename":"yasm-1.3.0.tar.gz","fileperms":"0777","filetype":"file","filesize":1492156,"is_readable":true,"is_writeable":true,"is_link":false,"is_dir":false,"mtime":1407738567,"path":"yasm-1.3.0.tar.gz","ext":"gz"}," 阿里云盘tv-1.1.2.apk":{"basename":" 阿里云盘tv-1.1.2.apk","fileperms":"0644","filetype":"file","filesize":21929604,"is_readable":true,"is_writeable":false,"is_link":false,"is_dir":false,"mtime":1661061549,"path":" 阿里云盘tv-1.1.2.apk","ext":"apk"}}}