{"basename":"files","fileperms":"0777","filetype":"dir","is_readable":true,"is_writeable":true,"is_link":false,"is_dir":true,"mime":"directory","mtime":1661530375,"path":"","url_path":".","dirsize":3542,"files_count":3,"images_count":null,"preview":null,"files":{"css":{"basename":"css","fileperms":"0777","filetype":"dir","filesize":false,"is_readable":true,"is_writeable":true,"is_link":false,"is_dir":true,"mtime":1661324476,"path":"css","mime":"directory","url_path":"./css"},"js":{"basename":"js","fileperms":"0777","filetype":"dir","filesize":false,"is_readable":true,"is_writeable":true,"is_link":false,"is_dir":true,"mtime":1661324476,"path":"js","mime":"directory","url_path":"./js"},"lang":{"basename":"lang","fileperms":"0777","filetype":"dir","filesize":false,"is_readable":true,"is_writeable":true,"is_link":false,"is_dir":true,"mtime":1661324476,"path":"lang","mime":"directory","url_path":"./lang"},"LICENSE.md":{"basename":"LICENSE.md","fileperms":"0777","filetype":"file","filesize":1054,"is_readable":true,"is_writeable":true,"is_link":false,"is_dir":false,"mtime":1661324476,"path":"LICENSE.md","ext":"md","url_path":"./LICENSE.md"},"package.json":{"basename":"package.json","fileperms":"0777","filetype":"file","filesize":692,"is_readable":true,"is_writeable":true,"is_link":false,"is_dir":false,"mtime":1661324476,"path":"package.json","ext":"json","url_path":"./package.json"},"README.md":{"basename":"README.md","fileperms":"0777","filetype":"file","filesize":1796,"is_readable":true,"is_writeable":true,"is_link":false,"is_dir":false,"mtime":1661324476,"path":"README.md","ext":"md","url_path":"./README.md"}}}