{"basename":"js","fileperms":"0777","filetype":"dir","is_readable":true,"is_writeable":true,"is_link":false,"is_dir":true,"mime":"directory","mtime":1661324476,"path":"js","url_path":"js","dirsize":207724,"files_count":1,"images_count":null,"preview":null,"files":{"files.js":{"basename":"files.js","fileperms":"0777","filetype":"file","filesize":207724,"is_readable":true,"is_writeable":true,"is_link":false,"is_dir":false,"mtime":1661324476,"path":"js/files.js","ext":"js","url_path":"js/files.js"}}}