{
    "name":"WebStack-Hugo",
    "description":"该主题混合了多位大佬的代码,如有侵权请联系删除!",
    "homepage":"https://gitee.com/shenweiyan/WebStack-Hugo",
    "version":"2.1.18",
    "update":"2024/07/29",
    "author":"适配优化:落幕,原作:shenweiyan",
    "screenshot":"",
    "config": {
        "admin":1,
        "sort":0,
        "hover_tip":0,
        "direct_access":1,
        "qq_login":0,
        "search_bookmark":1,
        "search-modal":1,
        "dynamic_load":0,
        "hitokoto":1,
        "search-bg":1,
        "suggestion":1,
        "sidebar-nav":1,
        "lazyload":1,
        "hide-category":1,
        "hide-description":0,
        "font-size":14,
        "NightMode":0,
        "header_code":"",
        "light_bg":"./templates/home/WebStack-Hugo/assets/images/bg-dna.jpg",
        "night_bg":"",
        "bg":"not",
        "bg_img":"",
        "bg_img_night":"",
        "logo_light":"",
        "logo_dark":"",
        "logo_collapsed":"",
        "canvas-bg":"",
        "big-title":"",
        "carousel":"",
        "loading":1,
        "shot":2
    },
    "param":{
        "category_format": 2,
        "virtual_category": true,
        "generate_more": true,
        "link_extend": true,
        "hot_news":true,
        "config_width": "full",
        "async": true
    }
}