{
    "name":"默认主题(加强)",
    "description":"默认主题(加强)",
    "homepage":"https://gitee.com/tznb/TwoNav",
    "version":"2.1.2",
    "update":"2024/04/09",
    "author":"落幕",
    "screenshot":"",
    "config": {
        "HeadBackgroundColor":"#3f51b5",
        "SidebarBackgroundColor":"",
        "CardBackgroundColor":"#ffffff",
        "OtherBackgroundColor":"#ffffff",
        "HeadFontColor":"#ffffff",
        "CategoryFontColor":"#212121",
        "TitleFontColor":"#212121",
        "DescrFontColor":"#9e9e9e",
        "referrer":"0",
        "CardNum":"0",
        "backgroundURL":"",
        "DescrRowNumber":"2",
        "night":"0",
        "ClickLocation":"0"
    },
    "param":{
        "category_format": 2,
        "virtual_category": true,
        "generate_more": false,
        "link_extend": false
    }
}